/*
SQLyog 企业版 - MySQL GUI v8.14 
MySQL - 5.5.20-log : Database - boot
*********************************************************************
*/


/*!40101 SET NAMES utf8 */;

/*!40101 SET SQL_MODE=''*/;

/*!40014 SET @OLD_UNIQUE_CHECKS=@@UNIQUE_CHECKS, UNIQUE_CHECKS=0 */;
/*!40014 SET @OLD_FOREIGN_KEY_CHECKS=@@FOREIGN_KEY_CHECKS, FOREIGN_KEY_CHECKS=0 */;
/*!40101 SET @OLD_SQL_MODE=@@SQL_MODE, SQL_MODE='NO_AUTO_VALUE_ON_ZERO' */;
/*!40111 SET @OLD_SQL_NOTES=@@SQL_NOTES, SQL_NOTES=0 */;
/*Table structure for table `bolg` */

DROP TABLE IF EXISTS `bolg`;

CREATE TABLE `bolg` (
  `ID` varchar(32) COLLATE utf8_unicode_ci NOT NULL,
  `CONTENT` longtext COLLATE utf8_unicode_ci NOT NULL COMMENT '内容源码',
  `HTML_CONTENT` longtext COLLATE utf8_unicode_ci NOT NULL COMMENT '转为HTML的内容',
  `SUMMARY` varchar(255) COLLATE utf8_unicode_ci NOT NULL COMMENT '摘要',
  `TITLE` varchar(50) COLLATE utf8_unicode_ci NOT NULL COMMENT '标题',
  `VIEW_NUM` int(11) DEFAULT '0' COMMENT '浏览量',
  `CATEGORY` varchar(32) COLLATE utf8_unicode_ci DEFAULT NULL COMMENT '类别',
  `POSTER` varchar(32) COLLATE utf8_unicode_ci DEFAULT NULL COMMENT '海报',
  `USER_ID` varchar(32) COLLATE utf8_unicode_ci DEFAULT NULL COMMENT '博客拥有者',
  `DISCUSS` varchar(1) COLLATE utf8_unicode_ci DEFAULT NULL COMMENT '是否开启评论',
  `PLATE` varchar(2) COLLATE utf8_unicode_ci DEFAULT '0' COMMENT '所属板块，默认0博客',
  `STATUS` varchar(1) COLLATE utf8_unicode_ci DEFAULT NULL COMMENT '状态',
  `CREATE_TIME` datetime DEFAULT NULL,
  `UPDATE_TIME` datetime DEFAULT NULL,
  PRIMARY KEY (`ID`)
) ENGINE=InnoDB DEFAULT CHARSET=utf8 COLLATE=utf8_unicode_ci;

/*Data for the table `bolg` */

insert  into `bolg`(`ID`,`CONTENT`,`HTML_CONTENT`,`SUMMARY`,`TITLE`,`VIEW_NUM`,`CATEGORY`,`POSTER`,`USER_ID`,`DISCUSS`,`PLATE`,`STATUS`,`CREATE_TIME`,`UPDATE_TIME`) values ('4028935d657a718501657a9695e9000b','### 安装和开启服务\r\n```shell\r\nyum install epel-release -y  # 如果没有扩展源，需要先安装扩展源\r\nyum install docker   # 安装，由于Docker要求Linux内核版本必须在要在3.10，所以centos6.X版本需要 yum install docker-io\r\nsystemctl start docker.service  # 开启服务\r\ndocker info  # 查看docker信息\r\n```\r\n### 镜像\r\n修改镜像源\r\n默认源连不上，修改镜像下载源，加入以下内容\r\n```shell\r\nvim etc/docker/daemon.json\r\n{\r\n\"registry-mirrors\": [\"https://docker.mirrors.ustc.edu.cn\"]\r\n}\r\n# Docker 官方中国区\r\nhttps://registry.docker-cn.com\r\n# 网易\r\nhttp://hub-mirror.c.163.com\r\n# ustc\r\nhttps://docker.mirrors.ustc.edu.cn\r\n```\r\n### docker中使用systemctl命令\r\ncentos7中通过systemctl启动服务，但是在docker中无法使用。解决方案：\r\n```shell\r\ndocker run --name ssh_server -p 8000:22 -p 80:80 -it vimenv.img /usr/sbin/init\r\n```','<h3 id=\"h3-u5B89u88C5u548Cu5F00u542Fu670Du52A1\"><a name=\"安装和开启服务\" class=\"reference-link\"></a><span class=\"header-link octicon octicon-link\"></span>安装和开启服务</h3><pre><code class=\"lang-shell\">yum install epel-release -y  # 如果没有扩展源，需要先安装扩展源\r\nyum install docker   # 安装，由于Docker要求Linux内核版本必须在要在3.10，所以centos6.X版本需要 yum install docker-io\r\nsystemctl start docker.service  # 开启服务\r\ndocker info  # 查看docker信息\r\n</code></pre>\r\n<h3 id=\"h3-u955Cu50CF\"><a name=\"镜像\" class=\"reference-link\"></a><span class=\"header-link octicon octicon-link\"></span>镜像</h3><p>修改镜像源<br>默认源连不上，修改镜像下载源，加入以下内容</p>\r\n<pre><code class=\"lang-shell\">vim etc/docker/daemon.json\r\n{\r\n&quot;registry-mirrors&quot;: [&quot;https://docker.mirrors.ustc.edu.cn&quot;]\r\n}\r\n# Docker 官方中国区\r\nhttps://registry.docker-cn.com\r\n# 网易\r\nhttp://hub-mirror.c.163.com\r\n# ustc\r\nhttps://docker.mirrors.ustc.edu.cn\r\n</code></pre>\r\n<h3 id=\"h3-docker-systemctl-\"><a name=\"docker中使用systemctl命令\" class=\"reference-link\"></a><span class=\"header-link octicon octicon-link\"></span>docker中使用systemctl命令</h3><p>centos7中通过systemctl启动服务，但是在docker中无法使用。解决方案：</p>\r\n<pre><code class=\"lang-shell\">docker run --name ssh_server -p 8000:22 -p 80:80 -it vimenv.img /usr/sbin/init\r\n</code></pre>\r\n','Docker的英文本意是“搬运工”，Docker搬运的是集装箱（Container）可以成为容器，我们可以把WEB应用以及依赖库打包进一个可移植的容器里传播，解决了应用部署的平台兼容性问题，同时她也是一种轻量级的虚拟化技术可以做到秒级启动一个容器（类似小虚拟机，区别启动快、可以传播）；','（一）Docker的简单使用',4,'4028937065cb710a0165cb9d790d0000',NULL,'4028935d657a718501657a8433b40000','0','1','1','2018-08-27 16:53:33','2018-09-12 11:57:13'),('4028935d657a718501657a9db76a001e','一.首先需要创建一个工程：new project,选择Spring Initalizr。 \r\n![](/blog/noSecurity/img/4028935d657a718501657a9babf70015)\r\n输入项目的目录结构和项目的名称，如图： \r\n![](/blog/noSecurity/img/4028935d657a718501657a9c11030017)\r\n然后选择你需要导入的jar包，如下： \r\n![](/blog/noSecurity/img/4028935d657a718501657a9c60360019)\r\nweb是web项目的核心启动包，devtools是一个web项目的工具包。\r\n\r\n二.然后你的一个springboot项目便创建完成。 \r\n如图我们可以创建这个项目的目录结构，但是需要注意一点的是，包的结构必须和TestApplication是在一级上。 \r\n![](/blog/noSecurity/img/4028935d657a718501657a9cca31001b)\r\n在controller里面创建一个类，HelloController\r\n```java\r\n@RestController\r\npublic class HelloController {\r\n\r\n    @RequestMapping(value = \"/hello\")\r\n    public  String sayHello(){\r\n        return  \"Hello , my First demo!\";\r\n    }\r\n\r\n}\r\n```\r\n然后我们启动这个工程，然后访问一下！ \r\n![](/blog/noSecurity/img/4028935d657a718501657a9dacb0001d)','<p>一.首先需要创建一个工程：new project,选择Spring Initalizr。<br><img src=\"/blog/noSecurity/img/4028935d657a718501657a9babf70015\" alt=\"\"><br>输入项目的目录结构和项目的名称，如图：<br><img src=\"/blog/noSecurity/img/4028935d657a718501657a9c11030017\" alt=\"\"><br>然后选择你需要导入的jar包，如下：<br><img src=\"/blog/noSecurity/img/4028935d657a718501657a9c60360019\" alt=\"\"><br>web是web项目的核心启动包，devtools是一个web项目的工具包。</p>\r\n<p>二.然后你的一个springboot项目便创建完成。<br>如图我们可以创建这个项目的目录结构，但是需要注意一点的是，包的结构必须和TestApplication是在一级上。<br><img src=\"/blog/noSecurity/img/4028935d657a718501657a9cca31001b\" alt=\"\"><br>在controller里面创建一个类，HelloController</p>\r\n<pre><code class=\"lang-java\">@RestController\r\npublic class HelloController {\r\n\r\n    @RequestMapping(value = &quot;/hello&quot;)\r\n    public  String sayHello(){\r\n        return  &quot;Hello , my First demo!&quot;;\r\n    }\r\n\r\n}\r\n</code></pre>\r\n<p>然后我们启动这个工程，然后访问一下！<br><img src=\"/blog/noSecurity/img/4028935d657a718501657a9dacb0001d\" alt=\"\"></p>\r\n','初涉springboot，学习小记，用于学习，简单介绍下如何去创建一个简单的的springboot工程。本人这里使用idea操作的','（四）springboot项目的搭建和基本的用法',3,'4028937065cbb4bf0165cbb8bd280000',NULL,'4028935d657a718501657a8433b40000','0','2','1','2018-08-27 17:01:21','2018-09-12 11:56:56'),('4028935d657a718501657aa300a10025','说到Spring Cloud就不得不提一下微服务，什么是微服务呢？就是Microservice，字面意思来看就是小服务，小型服务，微小型服务，然而它是与传统服务的相对概念。\r\n\r\n承载传统服务的Web项目，所有功能集成到一个系统，最终打包成一个war包，部署于Web容器，或单机，或集群，基本上没有什么外部的依赖，其有如下特点： \r\n（优点） \r\n- 开发简单直接，集中式管理 \r\n- 基本不会重复开发 \r\n- 功能都在本地，没有分布式的管理开销和调用开销 \r\n（缺点） \r\n- 开发效率低：所有的开发在一个项目改代码，递交代码相互等待，代码冲突不断 \r\n- 代码维护难：代码功能耦合在一起，新人不知道何从下手 \r\n- 部署不灵活：构建时间长，任何小修改必须重新构建整个项目，这个过程往往很长 \r\n- 稳定性不高：一个微不足道的小问题，可以导致整个应用挂掉 \r\n- 扩展性不够：无法满足高并发情况下的业务需求\r\n\r\n经过一些项目的开发，前期倒是方便快捷，写完了事，但是后期是会让人抓狂的，原因不言自明。\r\n\r\n微服务的出现，使得应用有效地拆分，实现敏捷开发和部署 。\r\n\r\n原先杂糅的系统逻辑，如今被拆分成一个一个完整的服务模块，最后再统一组成一个完整的项目，实现对服务，对功能模块的即插即拔的策略，再也不用像以前那样，比如上线后突然发现哪哪少了一个空格，哪哪又多了一个句号，只得默默重新打包，再部署上线的窘境了，大大缩短加班时间。\r\n\r\n好了，不瞎扯淡了，Spring Cloud生态圈集成了一堆工具来让我们构建分布式的微服务系统。\r\n\r\n### 首先，来看看官方文档是怎么介绍的： \r\nSpring Cloud provides tools for developers to quickly build some of the common patterns in distributed systems (e.g. configuration management, service discovery, circuit breakers, intelligent routing, micro-proxy, control bus, one-time tokens, global locks, leadership election, distributed sessions, cluster state). Coordination of distributed systems leads to boiler plate patterns, and using Spring Cloud developers can quickly stand up services and applications that implement those patterns. They will work well in any distributed environment, including the developer’s own laptop, bare metal data centres, and managed platforms such as Cloud Foundry.\r\n\r\nSpring Cloud是一系列框架的有序集合。它利用Spring Boot的开发便利性巧妙地简化了分布式系统基础设施的开发，如服务发现注册、配置中心、消息总线、负载均衡、断路器、数据监控等，都可以用Spring Boot的开发风格做到一键启动和部署。Spring并没有重复制造轮子，它只是将目前各家公司开发的比较成熟、经得起实际考验的服务框架组合起来，通过Spring Boot风格进行再封装屏蔽掉了复杂的配置和实现原理，最终给开发者留出了一套简单易懂、易部署和易维护的分布式系统开发工具包。\r\n\r\n下面这些开源项目是对Spring Cloud的强有力的增强与补充：\r\n\r\nSpring Cloud Config：配置管理工具包，让你可以把配置放到远程服务器，集中化管理集群配置，目前支持本地存储、Git以及Subversion。\r\n\r\nSpring Cloud Bus：事件、消息总线，用于在集群（例如，配置变化事件）中传播状态变化，可与Spring Cloud Config联合实现热部署。\r\n\r\nEureka：云端服务发现，一个基于 REST 的服务，用于定位服务，以实现云端中间层服务发现和故障转移。\r\n\r\nHystrix：熔断器，容错管理工具，旨在通过熔断机制控制服务和第三方库的节点,从而对延迟和故障提供更强大的容错能力。\r\n\r\nRibbon：提供云端负载均衡，有多种负载均衡策略可供选择，可配合服务发现和断路器使用。\r\n\r\nZuul：Zuul 是在云平台上提供动态路由,监控,弹性,安全等边缘服务的框架。Zuul 相当于是设备和 Netflix 流应用的 Web 网站后端所有请求的前门。\r\n\r\nArchaius：配置管理API，包含一系列配置管理API，提供动态类型化属性、线程安全配置操作、轮询框架、回调机制等功能。\r\n\r\nConsul：封装了Consul操作，consul是一个服务发现与配置工具，与Docker容器可以无缝集成。\r\n\r\nSpring Cloud for Cloud Foundry：通过Oauth2协议绑定服务到CloudFoundry，CloudFoundry是VMware推出的开源PaaS云平台。\r\n\r\nSpring Cloud Sleuth：日志收集工具包，封装了Dapper和log-based追踪以及Zipkin和HTrace操作，为SpringCloud应用实现了一种分布式追踪解决方案。\r\n\r\nSpring Cloud Data Flow：大数据操作工具，作为Spring XD的替代产品，它是一个混合计算模型，结合了流数据与批量数据的处理方式。\r\n\r\nSpring Cloud Security：基于spring security的安全工具包，为你的应用程序添加安全控制。\r\n\r\nSpring Cloud Zookeeper：操作Zookeeper的工具包，用于使用zookeeper方式的服务发现和配置管理。\r\n\r\nSpring Cloud Stream：数据流操作开发包，封装了与Redis,Rabbit、Kafka等发送接收消息。\r\n\r\nSpring Cloud CLI：基于 Spring Boot CLI，可以让你以命令行方式快速建立云组件。\r\n\r\nTurbine：Turbine是聚合服务器发送事件流数据的一个工具，用来监控集群下hystrix的metrics情况。\r\n\r\nFeign：Feign是一种声明式、模板化的HTTP客户端。\r\n\r\nSpring Cloud Task：提供云端计划任务管理、任务调度。\r\n\r\nSpring Cloud Connectors：便于云端应用程序在各种PaaS平台连接到后端，如：数据库和消息代理服务。\r\n\r\nSpring Cloud Cluster：提供Leadership选举，如：Zookeeper, Redis, Hazelcast, Consul等常见状态模式的抽象和实现。\r\n\r\nSpring Cloud Starters：Spring Boot式的启动项目，为Spring Cloud提供开箱即用的依赖管理。','<p>说到Spring Cloud就不得不提一下微服务，什么是微服务呢？就是Microservice，字面意思来看就是小服务，小型服务，微小型服务，然而它是与传统服务的相对概念。</p>\r\n<p>承载传统服务的Web项目，所有功能集成到一个系统，最终打包成一个war包，部署于Web容器，或单机，或集群，基本上没有什么外部的依赖，其有如下特点：<br>（优点） </p>\r\n<ul>\r\n<li>开发简单直接，集中式管理 </li><li>基本不会重复开发 </li><li>功能都在本地，没有分布式的管理开销和调用开销<br>（缺点） </li><li>开发效率低：所有的开发在一个项目改代码，递交代码相互等待，代码冲突不断 </li><li>代码维护难：代码功能耦合在一起，新人不知道何从下手 </li><li>部署不灵活：构建时间长，任何小修改必须重新构建整个项目，这个过程往往很长 </li><li>稳定性不高：一个微不足道的小问题，可以导致整个应用挂掉 </li><li>扩展性不够：无法满足高并发情况下的业务需求</li></ul>\r\n<p>经过一些项目的开发，前期倒是方便快捷，写完了事，但是后期是会让人抓狂的，原因不言自明。</p>\r\n<p>微服务的出现，使得应用有效地拆分，实现敏捷开发和部署 。</p>\r\n<p>原先杂糅的系统逻辑，如今被拆分成一个一个完整的服务模块，最后再统一组成一个完整的项目，实现对服务，对功能模块的即插即拔的策略，再也不用像以前那样，比如上线后突然发现哪哪少了一个空格，哪哪又多了一个句号，只得默默重新打包，再部署上线的窘境了，大大缩短加班时间。</p>\r\n<p>好了，不瞎扯淡了，Spring Cloud生态圈集成了一堆工具来让我们构建分布式的微服务系统。</p>\r\n<h3 id=\"h3--\"><a name=\"首先，来看看官方文档是怎么介绍的：\" class=\"reference-link\"></a><span class=\"header-link octicon octicon-link\"></span>首先，来看看官方文档是怎么介绍的：</h3><p>Spring Cloud provides tools for developers to quickly build some of the common patterns in distributed systems (e.g. configuration management, service discovery, circuit breakers, intelligent routing, micro-proxy, control bus, one-time tokens, global locks, leadership election, distributed sessions, cluster state). Coordination of distributed systems leads to boiler plate patterns, and using Spring Cloud developers can quickly stand up services and applications that implement those patterns. They will work well in any distributed environment, including the developer’s own laptop, bare metal data centres, and managed platforms such as Cloud Foundry.</p>\r\n<p>Spring Cloud是一系列框架的有序集合。它利用Spring Boot的开发便利性巧妙地简化了分布式系统基础设施的开发，如服务发现注册、配置中心、消息总线、负载均衡、断路器、数据监控等，都可以用Spring Boot的开发风格做到一键启动和部署。Spring并没有重复制造轮子，它只是将目前各家公司开发的比较成熟、经得起实际考验的服务框架组合起来，通过Spring Boot风格进行再封装屏蔽掉了复杂的配置和实现原理，最终给开发者留出了一套简单易懂、易部署和易维护的分布式系统开发工具包。</p>\r\n<p>下面这些开源项目是对Spring Cloud的强有力的增强与补充：</p>\r\n<p>Spring Cloud Config：配置管理工具包，让你可以把配置放到远程服务器，集中化管理集群配置，目前支持本地存储、Git以及Subversion。</p>\r\n<p>Spring Cloud Bus：事件、消息总线，用于在集群（例如，配置变化事件）中传播状态变化，可与Spring Cloud Config联合实现热部署。</p>\r\n<p>Eureka：云端服务发现，一个基于 REST 的服务，用于定位服务，以实现云端中间层服务发现和故障转移。</p>\r\n<p>Hystrix：熔断器，容错管理工具，旨在通过熔断机制控制服务和第三方库的节点,从而对延迟和故障提供更强大的容错能力。</p>\r\n<p>Ribbon：提供云端负载均衡，有多种负载均衡策略可供选择，可配合服务发现和断路器使用。</p>\r\n<p>Zuul：Zuul 是在云平台上提供动态路由,监控,弹性,安全等边缘服务的框架。Zuul 相当于是设备和 Netflix 流应用的 Web 网站后端所有请求的前门。</p>\r\n<p>Archaius：配置管理API，包含一系列配置管理API，提供动态类型化属性、线程安全配置操作、轮询框架、回调机制等功能。</p>\r\n<p>Consul：封装了Consul操作，consul是一个服务发现与配置工具，与Docker容器可以无缝集成。</p>\r\n<p>Spring Cloud for Cloud Foundry：通过Oauth2协议绑定服务到CloudFoundry，CloudFoundry是VMware推出的开源PaaS云平台。</p>\r\n<p>Spring Cloud Sleuth：日志收集工具包，封装了Dapper和log-based追踪以及Zipkin和HTrace操作，为SpringCloud应用实现了一种分布式追踪解决方案。</p>\r\n<p>Spring Cloud Data Flow：大数据操作工具，作为Spring XD的替代产品，它是一个混合计算模型，结合了流数据与批量数据的处理方式。</p>\r\n<p>Spring Cloud Security：基于spring security的安全工具包，为你的应用程序添加安全控制。</p>\r\n<p>Spring Cloud Zookeeper：操作Zookeeper的工具包，用于使用zookeeper方式的服务发现和配置管理。</p>\r\n<p>Spring Cloud Stream：数据流操作开发包，封装了与Redis,Rabbit、Kafka等发送接收消息。</p>\r\n<p>Spring Cloud CLI：基于 Spring Boot CLI，可以让你以命令行方式快速建立云组件。</p>\r\n<p>Turbine：Turbine是聚合服务器发送事件流数据的一个工具，用来监控集群下hystrix的metrics情况。</p>\r\n<p>Feign：Feign是一种声明式、模板化的HTTP客户端。</p>\r\n<p>Spring Cloud Task：提供云端计划任务管理、任务调度。</p>\r\n<p>Spring Cloud Connectors：便于云端应用程序在各种PaaS平台连接到后端，如：数据库和消息代理服务。</p>\r\n<p>Spring Cloud Cluster：提供Leadership选举，如：Zookeeper, Redis, Hazelcast, Consul等常见状态模式的抽象和实现。</p>\r\n<p>Spring Cloud Starters：Spring Boot式的启动项目，为Spring Cloud提供开箱即用的依赖管理。</p>\r\n','说到Spring Cloud就不得不提一下微服务，什么是微服务呢？就是Microservice，字面意思来看就是小服务，小型服务，微小型服务，然而它是与传统服务的相对概念。','（三）Spring Cloud生态圈简介',7,'4028937065cbb4bf0165cbb8bd280000',NULL,'4028935d657a718501657a8433b40000','0','2','1','2018-08-27 17:07:07','2018-09-12 11:56:33'),('4028935d657a718501657aa7bc69002e','这个项目的名字叫：Piggy Metrics，一个供个人处理财务的解决方案。\r\n\r\n### 简介 \r\n这是一款概念性的应用程序，基于Spring Boot，Spring Cloud和Docker 简单演示了微服务的架构模式，顺便说一句，它还有一个非常漂亮整洁的用户界面。下面是它的界面演示： \r\n### 账户服务 \r\n包含一般用户输入逻辑和验证：收入/费用项目，储蓄和帐户设置。\r\n\r\nMethod	Path	Description	User authenticated	Available from UI\r\nGET	/accounts/{account}	获取指定的帐户数据		\r\nGET	/accounts/current	获取当前帐户数据	×	×\r\nGET	/accounts/demo	获取模拟账户数据（预填收入/费用项目等）		×\r\nPUT	/accounts/current	保存当前帐户数据	×	×\r\nPOST	/accounts/	注册新帐号		×\r\n### 统计服务 \r\n对主要统计参数执行计算，并为每个帐户的时间序列。数据点包含基准货币和时间段的值。此数据用于跟踪帐户生命周期中的现金流动动态（尚未在UI中实现的花式图表）。\r\n\r\nMethod	Path	Description	User authenticated	Available from UI\r\nGET	/statistics/{account}	获取指定的帐户统计信息		\r\nGET	/statistics/current	获取当前帐户统计信息	×	×\r\nGET	/statistics/demo	获取模拟帐户统计信息		×\r\nPUT	/statistics/{account}	创建或更新指定帐户的时间序列数据点		','<p>这个项目的名字叫：Piggy Metrics，一个供个人处理财务的解决方案。</p>\r\n<h3 id=\"h3-u7B80u4ECB\"><a name=\"简介\" class=\"reference-link\"></a><span class=\"header-link octicon octicon-link\"></span>简介</h3><p>这是一款概念性的应用程序，基于Spring Boot，Spring Cloud和Docker 简单演示了微服务的架构模式，顺便说一句，它还有一个非常漂亮整洁的用户界面。下面是它的界面演示： </p>\r\n<h3 id=\"h3-u8D26u6237u670Du52A1\"><a name=\"账户服务\" class=\"reference-link\"></a><span class=\"header-link octicon octicon-link\"></span>账户服务</h3><p>包含一般用户输入逻辑和验证：收入/费用项目，储蓄和帐户设置。</p>\r\n<p>Method    Path    Description    User authenticated    Available from UI<br>GET    /accounts/{account}    获取指定的帐户数据<br>GET    /accounts/current    获取当前帐户数据    ×    ×<br>GET    /accounts/demo    获取模拟账户数据（预填收入/费用项目等）        ×<br>PUT    /accounts/current    保存当前帐户数据    ×    ×<br>POST    /accounts/    注册新帐号        ×</p>\r\n<h3 id=\"h3-u7EDFu8BA1u670Du52A1\"><a name=\"统计服务\" class=\"reference-link\"></a><span class=\"header-link octicon octicon-link\"></span>统计服务</h3><p>对主要统计参数执行计算，并为每个帐户的时间序列。数据点包含基准货币和时间段的值。此数据用于跟踪帐户生命周期中的现金流动动态（尚未在UI中实现的花式图表）。</p>\r\n<p>Method    Path    Description    User authenticated    Available from UI<br>GET    /statistics/{account}    获取指定的帐户统计信息<br>GET    /statistics/current    获取当前帐户统计信息    ×    ×<br>GET    /statistics/demo    获取模拟帐户统计信息        ×<br>PUT    /statistics/{account}    创建或更新指定帐户的时间序列数据点        </p>\r\n','由于最近公司业务需要，需要搭建基于Spring Cloud的微服务系统。遍访各大搜索引擎，发现国内资料少之又少，也难怪，国内Dubbo正统治着天下。但是，一个技术总有它的瓶颈，少少少少少少少少少少少少少少少少少少少少少少少少少少少少少少少少','（二）基于Spring Boot、Spring Cloud、Docker的微服务系统架构实践',3,'4028937065cbb4bf0165cbb8bd280000','4028937065d756410165d7691a580005','4028935d657a718501657a8433b40000','0','2','1','2018-08-27 17:12:17','2018-09-14 17:33:22'),('4028935d65834deb0165836521be0000','对就是这样非常的好使，也非常的美观，下面咱就撸代码。\r\n```css\r\n<input class=\"switch switch-anim\" type=\"checkbox\" checked>//html部分\r\n```\r\n下面是css部分，有些地方我会解释下的\r\n```css\r\n.switch {\r\n            width: 57px;\r\n            height: 28px;\r\n            position: relative;\r\n            border: 1px solid #dfdfdf;\r\n            background-color: #fdfdfd;\r\n            box-shadow: #dfdfdf 0 0 0 0 inset;\r\n            border-radius: 20px;\r\n            background-clip: content-box;\r\n            display: inline-block;\r\n            -webkit-appearance: none;\r\n            user-select: none;\r\n            outline: none;\r\n        }\r\n        .switch:before {\r\n            content: \'\';\r\n            width: 26px;\r\n            height: 26px;\r\n            position: absolute;\r\n            top: 0;\r\n            left: 0;\r\n            border-radius: 20px;\r\n            background-color: #fff;\r\n            box-shadow: 0 1px 3px rgba(0, 0, 0, 0.4);\r\n        }\r\n        .switch:checked {\r\n            border-color: #64bd63;\r\n            box-shadow: #64bd63 0 0 0 16px inset;\r\n            background-color: #64bd63;\r\n        }\r\n        .switch:checked:before {\r\n            left: 30px;\r\n        }\r\n        .switch.switch-anim {\r\n            transition: border cubic-bezier(0, 0, 0, 1) 0.4s, box-shadow cubic-bezier(0, 0, 0, 1) 0.4s;\r\n        }\r\n        .switch.switch-anim:before {\r\n            transition: left 0.3s;\r\n        }\r\n        .switch.switch-anim:checked {\r\n            box-shadow: #64bd63 0 0 0 16px inset;\r\n            background-color: #64bd63;\r\n            transition: border ease 0.4s, box-shadow ease 0.4s, background-color ease 1.2s;\r\n        }\r\n        .switch.switch-anim:checked:before {\r\n            transition: left 0.3s;\r\n        }\r\n```\r\n好了，css完事就来点js，去控制这个switch开关\r\n```javascript\r\nfunction checkNum(){\r\n        if($(\'.switch-anim\').prop(\'checked\')){\r\n            console.log(\"选中\");\r\n        }else{\r\n            console.log(\"没选中\");\r\n        }\r\n    }\r\n```\r\n当然不要忘了去调用，这个函数哦\r\n```html\r\n<input class=\"switch switch-anim\" onchange=\"checkNum()\" type=\"checkbox\" checked />\r\n```','<p>对就是这样非常的好使，也非常的美观，下面咱就撸代码。</p>\r\n<pre><code class=\"lang-css\">&lt;input class=&quot;switch switch-anim&quot; type=&quot;checkbox&quot; checked&gt;//html部分\r\n</code></pre>\r\n<p>下面是css部分，有些地方我会解释下的</p>\r\n<pre><code class=\"lang-css\">.switch {\r\n            width: 57px;\r\n            height: 28px;\r\n            position: relative;\r\n            border: 1px solid #dfdfdf;\r\n            background-color: #fdfdfd;\r\n            box-shadow: #dfdfdf 0 0 0 0 inset;\r\n            border-radius: 20px;\r\n            background-clip: content-box;\r\n            display: inline-block;\r\n            -webkit-appearance: none;\r\n            user-select: none;\r\n            outline: none;\r\n        }\r\n        .switch:before {\r\n            content: &#39;&#39;;\r\n            width: 26px;\r\n            height: 26px;\r\n            position: absolute;\r\n            top: 0;\r\n            left: 0;\r\n            border-radius: 20px;\r\n            background-color: #fff;\r\n            box-shadow: 0 1px 3px rgba(0, 0, 0, 0.4);\r\n        }\r\n        .switch:checked {\r\n            border-color: #64bd63;\r\n            box-shadow: #64bd63 0 0 0 16px inset;\r\n            background-color: #64bd63;\r\n        }\r\n        .switch:checked:before {\r\n            left: 30px;\r\n        }\r\n        .switch.switch-anim {\r\n            transition: border cubic-bezier(0, 0, 0, 1) 0.4s, box-shadow cubic-bezier(0, 0, 0, 1) 0.4s;\r\n        }\r\n        .switch.switch-anim:before {\r\n            transition: left 0.3s;\r\n        }\r\n        .switch.switch-anim:checked {\r\n            box-shadow: #64bd63 0 0 0 16px inset;\r\n            background-color: #64bd63;\r\n            transition: border ease 0.4s, box-shadow ease 0.4s, background-color ease 1.2s;\r\n        }\r\n        .switch.switch-anim:checked:before {\r\n            transition: left 0.3s;\r\n        }\r\n</code></pre>\r\n<p>好了，css完事就来点js，去控制这个switch开关</p>\r\n<pre><code class=\"lang-javascript\">function checkNum(){\r\n        if($(&#39;.switch-anim&#39;).prop(&#39;checked&#39;)){\r\n            console.log(&quot;选中&quot;);\r\n        }else{\r\n            console.log(&quot;没选中&quot;);\r\n        }\r\n    }\r\n</code></pre>\r\n<p>当然不要忘了去调用，这个函数哦</p>\r\n<pre><code class=\"lang-html\">&lt;input class=&quot;switch switch-anim&quot; onchange=&quot;checkNum()&quot; type=&quot;checkbox&quot; checked /&gt;\r\n</code></pre>\r\n','最近做项目遇到个switch,我还是百度解决的，但是我不能解决就完事啊，我得学会，然后和大家分享出来。 ','css实现switch开关,js控制',0,'4028935d65834deb01658365560c0001',NULL,'4028935d657a718501657a8433b40000','0','0','1','2018-08-29 09:56:07','2018-09-11 17:28:23'),('4028935d65834deb01658366b9ee0006','只要两步：\r\n\r\n1、定义一个类MultiDataSourceBuilder实现ApplicationContextAware，在里面定义一个静态的获取SpringBean的方法。\r\n\r\n2、配置Spring Bean配置，让Spring管理MultiDataSourceBuilder 和BasicDataSource\r\n\r\n具体看以下代码文件。\r\n```java\r\npublic class MultiDataSourceBuilder implements ApplicationContextAware{\r\n	private static final Log log = LogFactory.getLog(MultiDataSourceBuilder.class);\r\n	private static ApplicationContext ac = null;\r\n	public static void setAC(ApplicationContext ctx){\r\n		ac = ctx;\r\n	}\r\n	public static DataSource getSpringBeanDataSource(String beanName){\r\n		while(ac == null){\r\n			try {\r\n				Thread.sleep(1000);\r\n				System.out.println(\"DataBase is not ready,wait for 1s!\");\r\n			} catch (InterruptedException e) {\r\n				\r\n				e.printStackTrace();\r\n			}\r\n		}\r\n		\r\n		if(beanName.startsWith(\"java:comp/env/jdbc/orcl\")){\r\n			beanName = beanName.substring(beanName.lastIndexOf(\"orcl\"));\r\n			return (DataSource)ac.getBean(beanName);\r\n		}else if(beanName.startsWith(\"orcl\")){\r\n			return ((DataSource)ac.getBean(beanName));\r\n		}\r\n	}\r\n \r\n	public void setApplicationContext(ApplicationContext applicationContext)\r\n			throws BeansException {\r\n		ac = applicationContext;	\r\n	}\r\n\r\n```','<p>只要两步：</p>\r\n<p>1、定义一个类MultiDataSourceBuilder实现ApplicationContextAware，在里面定义一个静态的获取SpringBean的方法。</p>\r\n<p>2、配置Spring Bean配置，让Spring管理MultiDataSourceBuilder 和BasicDataSource</p>\r\n<p>具体看以下代码文件。</p>\r\n<pre><code class=\"lang-java\">public class MultiDataSourceBuilder implements ApplicationContextAware{\r\n    private static final Log log = LogFactory.getLog(MultiDataSourceBuilder.class);\r\n    private static ApplicationContext ac = null;\r\n    public static void setAC(ApplicationContext ctx){\r\n        ac = ctx;\r\n    }\r\n    public static DataSource getSpringBeanDataSource(String beanName){\r\n        while(ac == null){\r\n            try {\r\n                Thread.sleep(1000);\r\n                System.out.println(&quot;DataBase is not ready,wait for 1s!&quot;);\r\n            } catch (InterruptedException e) {\r\n\r\n                e.printStackTrace();\r\n            }\r\n        }\r\n\r\n        if(beanName.startsWith(&quot;java:comp/env/jdbc/orcl&quot;)){\r\n            beanName = beanName.substring(beanName.lastIndexOf(&quot;orcl&quot;));\r\n            return (DataSource)ac.getBean(beanName);\r\n        }else if(beanName.startsWith(&quot;orcl&quot;)){\r\n            return ((DataSource)ac.getBean(beanName));\r\n        }\r\n    }\r\n\r\n    public void setApplicationContext(ApplicationContext applicationContext)\r\n            throws BeansException {\r\n        ac = applicationContext;    \r\n    }\r\n</code></pre>\r\n','','（一）利用Spring 和DBCP实现分布式动态数据库连接池管理',7,'4028937065cbb4bf0165cbb8bd280000',NULL,'4028935d657a718501657a8433b40000','0','0','1','2018-08-29 09:57:52','2018-09-12 11:56:20'),('4028935d658367d1016583739c370000','实现ApplicationContextAware接口的类，会由Spring自动调用setApplicationContext方法来设置applicationContext属性，不用再自己写代码设置。\r\n\r\n接下来就是配置数据源Bean。\r\n\r\n配置Spring bean 的配置文件是\r\n```java\r\n<bean id=\"MultiDataSourceBuilder\" class=\"com.myself.dataSource.MultiDataSourceBuilder\">  \r\n</bean>  \r\n<bean id=\"dataSourceAbstract\" class=\"org.apache.commons.dbcp.BasicDataSource\" abstract=\"true\">   \r\n    <property name=\"driverClassName\" value=\"oracle.jdbc.driver.OracleDriver\" />      \r\n    <property name=\"username\"><value>username</value></property>     \r\n    <property name=\"password\"><value>password</value></property>     \r\n    <property name=\"maxActive\"><value>150</value></property>     \r\n    <property name=\"initialSize\"><value>1</value></property>     \r\n    <property name=\"maxWait\"><value>60000</value></property>     \r\n    <property name=\"maxIdle\"><value>20</value></property>     \r\n    <property name=\"minIdle\"><value>3</value></property>     \r\n    <property name=\"removeAbandoned\"><value>true</value></property>     \r\n    <property name=\"removeAbandonedTimeout\"><value>180</value></property>  \r\n    <property name=\"validationQuery\"><value>select 1 from dual</value></property>  \r\n    <property name=\"connectionProperties\"><value>clientEncoding=UTF-8</value></property>     \r\n</bean>  \r\n<!--以下配置数据库资源名称和连接URL-->  \r\n<bean id=\"orcl201\"  destroy-method=\"close\" parent=\"dataSourceAbstract\">          \r\n    <property name=\"url\" value=\"jdbc:oracle:thin:@192.168.1.201:1521:orcl\" />        \r\n</bean>  \r\n<bean id=\"orcl205\"  destroy-method=\"close\" parent=\"dataSourceAbstract\">       \r\n    <property name=\"url\" value=\"jdbc:oracle:thin:@192.168.1.205:1521:orcl\" />     \r\n</bean>  \r\n<bean id=\"orcl209\" destroy-method=\"close\" parent=\"dataSourceAbstract\">        \r\n    <property name=\"url\" value=\"jdbc:oracle:thin:@192.168.1.209:1521:orcl\" />     \r\n</bean>  \r\n<!--以上配置数据库资源名称和连接URL-->  \r\n</beans>  \r\n```','<p>实现ApplicationContextAware接口的类，会由Spring自动调用setApplicationContext方法来设置applicationContext属性，不用再自己写代码设置。</p>\r\n<p>接下来就是配置数据源Bean。</p>\r\n<p>配置Spring bean 的配置文件是</p>\r\n<pre><code class=\"lang-java\">&lt;bean id=&quot;MultiDataSourceBuilder&quot; class=&quot;com.myself.dataSource.MultiDataSourceBuilder&quot;&gt;  \r\n&lt;/bean&gt;  \r\n&lt;bean id=&quot;dataSourceAbstract&quot; class=&quot;org.apache.commons.dbcp.BasicDataSource&quot; abstract=&quot;true&quot;&gt;   \r\n    &lt;property name=&quot;driverClassName&quot; value=&quot;oracle.jdbc.driver.OracleDriver&quot; /&gt;      \r\n    &lt;property name=&quot;username&quot;&gt;&lt;value&gt;username&lt;/value&gt;&lt;/property&gt;     \r\n    &lt;property name=&quot;password&quot;&gt;&lt;value&gt;password&lt;/value&gt;&lt;/property&gt;     \r\n    &lt;property name=&quot;maxActive&quot;&gt;&lt;value&gt;150&lt;/value&gt;&lt;/property&gt;     \r\n    &lt;property name=&quot;initialSize&quot;&gt;&lt;value&gt;1&lt;/value&gt;&lt;/property&gt;     \r\n    &lt;property name=&quot;maxWait&quot;&gt;&lt;value&gt;60000&lt;/value&gt;&lt;/property&gt;     \r\n    &lt;property name=&quot;maxIdle&quot;&gt;&lt;value&gt;20&lt;/value&gt;&lt;/property&gt;     \r\n    &lt;property name=&quot;minIdle&quot;&gt;&lt;value&gt;3&lt;/value&gt;&lt;/property&gt;     \r\n    &lt;property name=&quot;removeAbandoned&quot;&gt;&lt;value&gt;true&lt;/value&gt;&lt;/property&gt;     \r\n    &lt;property name=&quot;removeAbandonedTimeout&quot;&gt;&lt;value&gt;180&lt;/value&gt;&lt;/property&gt;  \r\n    &lt;property name=&quot;validationQuery&quot;&gt;&lt;value&gt;select 1 from dual&lt;/value&gt;&lt;/property&gt;  \r\n    &lt;property name=&quot;connectionProperties&quot;&gt;&lt;value&gt;clientEncoding=UTF-8&lt;/value&gt;&lt;/property&gt;     \r\n&lt;/bean&gt;  \r\n&lt;!--以下配置数据库资源名称和连接URL--&gt;  \r\n&lt;bean id=&quot;orcl201&quot;  destroy-method=&quot;close&quot; parent=&quot;dataSourceAbstract&quot;&gt;          \r\n    &lt;property name=&quot;url&quot; value=&quot;jdbc:oracle:thin:@192.168.1.201:1521:orcl&quot; /&gt;        \r\n&lt;/bean&gt;  \r\n&lt;bean id=&quot;orcl205&quot;  destroy-method=&quot;close&quot; parent=&quot;dataSourceAbstract&quot;&gt;       \r\n    &lt;property name=&quot;url&quot; value=&quot;jdbc:oracle:thin:@192.168.1.205:1521:orcl&quot; /&gt;     \r\n&lt;/bean&gt;  \r\n&lt;bean id=&quot;orcl209&quot; destroy-method=&quot;close&quot; parent=&quot;dataSourceAbstract&quot;&gt;        \r\n    &lt;property name=&quot;url&quot; value=&quot;jdbc:oracle:thin:@192.168.1.209:1521:orcl&quot; /&gt;     \r\n&lt;/bean&gt;  \r\n&lt;!--以上配置数据库资源名称和连接URL--&gt;  \r\n&lt;/beans&gt;\r\n</code></pre>\r\n','','实现ApplicationContextAware接口的类',5,'4028935d657a718501657a9123d3000a',NULL,'4028935d657a718501657a8433b40000','0','0','1','2018-08-29 10:11:56','2018-08-29 10:11:56'),('4028935d658367d101658378ebd80006','最近，谷歌爸爸又收购了一家公司。长期以来，谷歌致力于推动围绕 GoogleCloud 的企业业务，但在这方面一直被亚马逊和微软吊打，这次的收购正是为了弥补自身的短板。\r\n\r\n\r\n\r\n被收购的 Cask Data 是一家专门提供基于 Hadoop 的大型数据分析服务解决方案的初创公司。基于此，谷歌进一步加强他的大数据分析能力。\r\n\r\n除了谷歌、微软、亚马逊、IBM 等国际大佬全力布局大数据外，国内企业也积极投入大数据的怀抱，无论是 BAT 这样的大厂，还是雨后春笋般涌现的创业企业，都纷纷入局。\r\n\r\n国内 IT 、通讯、行业招聘中，有 10% 都是和大数据相关，且比例还在上升。巨大的人才缺口直接导致各企业纷纷以高薪聘请大数据人才：\r\n\r\nhttps://edu.csdn.net/topic/bigdata115?utm_source=blog08\r\n\r\n                                                                       以上数据整理自拉勾网\r\n\r\n据最新发布的《大数据人才报告》显示，目前全国的大数据人才仅 46 万，未来 3 - 5 年内，大数据人才的缺口将高达 150 万，而在 BAT 企业招聘的职位里，60% 以上都在招大数据人才。\r\n\r\n高薪的背后是人才的紧缺，有机构对一线城市 2018 年国内科技领域热门职位薪酬范围、及跳槽涨幅进行了预测：大数据方向由于人才稀缺度较高，相同工作年限的情况下，大数据工程师的薪资普遍更高，待遇涨幅也会超过其他岗位。\r\n\r\n随着大数据的爆发，中国 IT 业内环境也将面临新一轮的洗牌，不仅是企业，更是从业人员转型可遇而不可求的机遇。如果将 IT 人士统一比作一条船上的海员，大数据就是最大的浪潮，借浪潮之势而为之，可成功从 IT 程序员转型成为大数据专家。\r\n\r\n \r\n\r\n01\r\n那么，大数据工程师职业发展路径是什么样的？\r\n大数据工程师职业发展路径分为 5 个阶段，每个阶段对应职位和薪水是不一样的：\r\n\r\n第一阶段：\r\n\r\n实习工程师，工作第一年，月薪大于 6K ；\r\n\r\n第二阶段：\r\n\r\n助理工程师，有 1 - 2 年工作经验，月薪 13K - 20K ；\r\n\r\n第三阶段：\r\n\r\n初、中级工程师， 3 年工作经验，月薪 20 - 35K ；\r\n\r\n第四阶段：\r\n\r\n高级工程师 3 - 5 年工作经验，月薪 30 - 50K ；\r\n\r\n第五阶段：\r\n\r\n首席工程师/架构师，月薪大于 50k ；\r\n\r\n这个薪水非常的有竞争力，这也是为什么，这么多学生，要学习大数据开发技术。\r\n\r\nhttps://edu.csdn.net/topic/bigdata115?utm_source=blog08\r\n\r\n \r\n02\r\n那么，程序员如何转型成为优秀的大数据工程师呢？\r\n主要是从两者所要求的能力上来分析。首先，编码能力越强的程序员，越有可能成为，优秀的大数据工程师。\r\n\r\n其次，大数据工程师需要统计学、与应用数学相关的能力背景，数据挖掘与分析，是需要设计数据模型和算法的，应该说程序员，是有这个基础的，我见过最牛逼的程序员，一般都不是科班出来的，通常是数学专业，因此提高算法设计能力，是程序员转型大数据工程师的关键因素。\r\n\r\n第三，大数据工程师需要具备某一行业的业务知识。大数据的挖掘与分析，最终都要服务于市场，并对产品的销售与企业的发展，起到重大推动作用，那才是有价值的大数分析。\r\n\r\n在美国，大数据工程师平均年薪，达 17.5 万美元（折合人民币大概 105 万左右），在中国顶尖的互联网公司里，大数据工程师的薪酬，比同级别的其他职位高出 30% 以上。\r\n\r\nDT 时代来得太突然了，国内发展势头很猛，而大数据相关的人才，却非常的有限，在未来若干年内，都会是供不应求的状况，指望大学培养出合格的大数据人才，有如天方夜谭，因此程序员们，你们的春天到了！\r\n\r\n \r\n\r\n03\r\n想成为大数据工程师的你，还是有技能没点亮？\r\n那么，是时候开始了！\r\n \r\n\r\n推荐时刻来了！由 CSDN 学院精心打造的《大数据就业训练营》来了！划重点：通过系统实训，成为一名不低于业界水平的大数据工程师。通过高效系统的学习内容、紧密及时的答疑辅导，能够帮助学员，精通掌握大数据技术，实训顺利毕业、并推荐到名企就业，实现人生转型。','<p>最近，谷歌爸爸又收购了一家公司。长期以来，谷歌致力于推动围绕 GoogleCloud 的企业业务，但在这方面一直被亚马逊和微软吊打，这次的收购正是为了弥补自身的短板。</p>\r\n<p>被收购的 Cask Data 是一家专门提供基于 Hadoop 的大型数据分析服务解决方案的初创公司。基于此，谷歌进一步加强他的大数据分析能力。</p>\r\n<p>除了谷歌、微软、亚马逊、IBM 等国际大佬全力布局大数据外，国内企业也积极投入大数据的怀抱，无论是 BAT 这样的大厂，还是雨后春笋般涌现的创业企业，都纷纷入局。</p>\r\n<p>国内 IT 、通讯、行业招聘中，有 10% 都是和大数据相关，且比例还在上升。巨大的人才缺口直接导致各企业纷纷以高薪聘请大数据人才：</p>\r\n<p><a href=\"https://edu.csdn.net/topic/bigdata115?utm_source=blog08\">https://edu.csdn.net/topic/bigdata115?utm_source=blog08</a></p>\r\n<pre><code>                                                                   以上数据整理自拉勾网\r\n</code></pre><p>据最新发布的《大数据人才报告》显示，目前全国的大数据人才仅 46 万，未来 3 - 5 年内，大数据人才的缺口将高达 150 万，而在 BAT 企业招聘的职位里，60% 以上都在招大数据人才。</p>\r\n<p>高薪的背后是人才的紧缺，有机构对一线城市 2018 年国内科技领域热门职位薪酬范围、及跳槽涨幅进行了预测：大数据方向由于人才稀缺度较高，相同工作年限的情况下，大数据工程师的薪资普遍更高，待遇涨幅也会超过其他岗位。</p>\r\n<p>随着大数据的爆发，中国 IT 业内环境也将面临新一轮的洗牌，不仅是企业，更是从业人员转型可遇而不可求的机遇。如果将 IT 人士统一比作一条船上的海员，大数据就是最大的浪潮，借浪潮之势而为之，可成功从 IT 程序员转型成为大数据专家。</p>\r\n<p>01<br>那么，大数据工程师职业发展路径是什么样的？<br>大数据工程师职业发展路径分为 5 个阶段，每个阶段对应职位和薪水是不一样的：</p>\r\n<p>第一阶段：</p>\r\n<p>实习工程师，工作第一年，月薪大于 6K ；</p>\r\n<p>第二阶段：</p>\r\n<p>助理工程师，有 1 - 2 年工作经验，月薪 13K - 20K ；</p>\r\n<p>第三阶段：</p>\r\n<p>初、中级工程师， 3 年工作经验，月薪 20 - 35K ；</p>\r\n<p>第四阶段：</p>\r\n<p>高级工程师 3 - 5 年工作经验，月薪 30 - 50K ；</p>\r\n<p>第五阶段：</p>\r\n<p>首席工程师/架构师，月薪大于 50k ；</p>\r\n<p>这个薪水非常的有竞争力，这也是为什么，这么多学生，要学习大数据开发技术。</p>\r\n<p><a href=\"https://edu.csdn.net/topic/bigdata115?utm_source=blog08\">https://edu.csdn.net/topic/bigdata115?utm_source=blog08</a></p>\r\n<p>02<br>那么，程序员如何转型成为优秀的大数据工程师呢？<br>主要是从两者所要求的能力上来分析。首先，编码能力越强的程序员，越有可能成为，优秀的大数据工程师。</p>\r\n<p>其次，大数据工程师需要统计学、与应用数学相关的能力背景，数据挖掘与分析，是需要设计数据模型和算法的，应该说程序员，是有这个基础的，我见过最牛逼的程序员，一般都不是科班出来的，通常是数学专业，因此提高算法设计能力，是程序员转型大数据工程师的关键因素。</p>\r\n<p>第三，大数据工程师需要具备某一行业的业务知识。大数据的挖掘与分析，最终都要服务于市场，并对产品的销售与企业的发展，起到重大推动作用，那才是有价值的大数分析。</p>\r\n<p>在美国，大数据工程师平均年薪，达 17.5 万美元（折合人民币大概 105 万左右），在中国顶尖的互联网公司里，大数据工程师的薪酬，比同级别的其他职位高出 30% 以上。</p>\r\n<p>DT 时代来得太突然了，国内发展势头很猛，而大数据相关的人才，却非常的有限，在未来若干年内，都会是供不应求的状况，指望大学培养出合格的大数据人才，有如天方夜谭，因此程序员们，你们的春天到了！</p>\r\n<p>03<br>想成为大数据工程师的你，还是有技能没点亮？<br>那么，是时候开始了！</p>\r\n<p>推荐时刻来了！由 CSDN 学院精心打造的《大数据就业训练营》来了！划重点：通过系统实训，成为一名不低于业界水平的大数据工程师。通过高效系统的学习内容、紧密及时的答疑辅导，能够帮助学员，精通掌握大数据技术，实训顺利毕业、并推荐到名企就业，实现人生转型。</p>\r\n','','风头正劲，这个技术只需几个月，平均薪资竟可达25k！',2,NULL,NULL,'4028935d657a718501657a8433b40000','0','0','1','2018-08-29 10:17:44','2018-09-11 10:16:21'),('4028935d658a1b9c01658a2801c90001','搜狐体育讯 北京时间9月11日0:00，中国男足在巴林首都麦纳麦迎来与巴林男足的热身赛。最终，两队以0-0互交白卷。武磊上下半时各射中一次门框；颜骏凌下半时封堵了对手的一次单刀机会，力保城门不失。中国队本次西亚客场之旅收获一平一负的战绩。\r\n\r\n三天前，中国队在卡塔尔多哈以0-1不敌卡塔尔队，热身赛连胜的势头遭到终结。与战卡塔尔一役相比，里皮对此役先发阵容做出5人调整，“里家军”的新人买提江和王彤获得首发亮相的机会。值得一提的是，本场比赛是郜林代表国足的第100场国际A级比赛。\r\n\r\n中国队球员此役展现出不错的精神面貌。第14分钟，张琳芃输送挑传，武磊凌空垫射没打在球门范围内，而武磊在接球前已经越位在先。\r\n\r\n','<p>搜狐体育讯 北京时间9月11日0:00，中国男足在巴林首都麦纳麦迎来与巴林男足的热身赛。最终，两队以0-0互交白卷。武磊上下半时各射中一次门框；颜骏凌下半时封堵了对手的一次单刀机会，力保城门不失。中国队本次西亚客场之旅收获一平一负的战绩。</p>\r\n<p>三天前，中国队在卡塔尔多哈以0-1不敌卡塔尔队，热身赛连胜的势头遭到终结。与战卡塔尔一役相比，里皮对此役先发阵容做出5人调整，“里家军”的新人买提江和王彤获得首发亮相的机会。值得一提的是，本场比赛是郜林代表国足的第100场国际A级比赛。</p>\r\n<p>中国队球员此役展现出不错的精神面貌。第14分钟，张琳芃输送挑传，武磊凌空垫射没打在球门范围内，而武磊在接球前已经越位在先。</p>\r\n','搜狐体育讯 北京时间9月11日0:00，中国男足在巴林首都麦纳麦迎来与巴林男足的热身赛。最终，两队以0-0互交白卷。武磊上下半时各射中一次门框；颜骏凌下半时封堵了对手的一次单刀机会，力保城门不失。中国队本次西亚客场之旅收获一平一负的战绩。','热身赛-武磊2中框失必进球 国足0-0巴林2战不胜',1,'4028935d657a718501657a9781da000c',NULL,'4028935d657a718501657a8433b40000','0','0','1','2018-08-30 17:26:42','2018-09-11 17:41:59'),('4028935d658a1b9c01658a2813f50002','网易科技讯 9月10日消息，据国外媒体报道，据美银美林(Bank of America Merrill Lynch)称，如果苹果在美国国内组装其智能手机，iPhone价格将大幅上涨。\r\n\r\n当地时间周六，美国总统唐纳德·特朗普（Donald Trump）发推特表示，苹果应该在美国生产产品，以避免受到加征关税的影响。\r\n\r\n特朗普在推特中表示，“苹果的价格，可能会因为我们对中国征收的大量关税而上涨——但这有一个简单的解决方案，可以免征关税，甚至能够真正获得税收激励。让你们的产品在美国生产，而不是在中国。现在就开始建新工厂吧。令人兴奋！”\r\n\r\n特朗普这篇推文发布的前一天，苹果公司向美国贸易代表罗伯特·莱特西泽(Robert Lightthizer)递交的一封信被披露。该公司在这份信件中表示，特朗普提议对进口的价值2000亿美元的中国商品加征关税，这将影响Apple Watch, AirPods, Mac Mini和Apple Pencil等苹果产品。\r\n\r\n美银美林表示，苹果可能会要求其合作伙伴将iPhone处于末端工序的一些组装业务引入美国，以此来应对托普的压力。\r\n\r\n“有关‘返回美国’制造的事宜，似乎又被拿到了特朗普的议事日程。我们认为，苹果可能会要求鸿海（Hon Hai）与和硕（Pegatron）响应特朗普总统的要求，将他们一小部分iPhone的生产转移到美国，”分析师万西·莫汉(Wamsi Mohan)周一在发给客户的题为《阻碍中国贸易的风险和推动美国制造业的潜力》的研究报告中表示，“这样的结果是，iPhone(目前不受关税影响)的生产(处于末端工序的全部组装业务)转移到美国，将需要20%的涨价才能抵消增加的劳动力成本。”\r\n\r\n莫汉表示，按照“最有可能”的方案即苹果将10%的iPhone组装业务转移到美国，iPhone的平均售价将上涨8%。他还表示，如果苹果将iPhone组装业务的50%或100%转移到美国国内，iPhone价格将分别上涨14%和20%。\r\n\r\n这位分析师未谈及iPhone更为全面的生产工厂(非组装业务)转入美国的可能性，因为美国劳动力成本较高。他指出，美国工人的工资是中国工人的2.6倍。\r\n\r\n不过，莫汉重申了自己给予苹果公司股票“买入”评级，维持给予苹果股票每股250美元目标股价。这个目标股价较苹果股票上周五收盘价高出13%。\r\n\r\n针对以上消息，苹果没有立即回应媒体的置评请求。（天门山）','<p>网易科技讯 9月10日消息，据国外媒体报道，据美银美林(Bank of America Merrill Lynch)称，如果苹果在美国国内组装其智能手机，iPhone价格将大幅上涨。</p>\r\n<p>当地时间周六，美国总统唐纳德·特朗普（Donald Trump）发推特表示，苹果应该在美国生产产品，以避免受到加征关税的影响。</p>\r\n<p>特朗普在推特中表示，“苹果的价格，可能会因为我们对中国征收的大量关税而上涨——但这有一个简单的解决方案，可以免征关税，甚至能够真正获得税收激励。让你们的产品在美国生产，而不是在中国。现在就开始建新工厂吧。令人兴奋！”</p>\r\n<p>特朗普这篇推文发布的前一天，苹果公司向美国贸易代表罗伯特·莱特西泽(Robert Lightthizer)递交的一封信被披露。该公司在这份信件中表示，特朗普提议对进口的价值2000亿美元的中国商品加征关税，这将影响Apple Watch, AirPods, Mac Mini和Apple Pencil等苹果产品。</p>\r\n<p>美银美林表示，苹果可能会要求其合作伙伴将iPhone处于末端工序的一些组装业务引入美国，以此来应对托普的压力。</p>\r\n<p>“有关‘返回美国’制造的事宜，似乎又被拿到了特朗普的议事日程。我们认为，苹果可能会要求鸿海（Hon Hai）与和硕（Pegatron）响应特朗普总统的要求，将他们一小部分iPhone的生产转移到美国，”分析师万西·莫汉(Wamsi Mohan)周一在发给客户的题为《阻碍中国贸易的风险和推动美国制造业的潜力》的研究报告中表示，“这样的结果是，iPhone(目前不受关税影响)的生产(处于末端工序的全部组装业务)转移到美国，将需要20%的涨价才能抵消增加的劳动力成本。”</p>\r\n<p>莫汉表示，按照“最有可能”的方案即苹果将10%的iPhone组装业务转移到美国，iPhone的平均售价将上涨8%。他还表示，如果苹果将iPhone组装业务的50%或100%转移到美国国内，iPhone价格将分别上涨14%和20%。</p>\r\n<p>这位分析师未谈及iPhone更为全面的生产工厂(非组装业务)转入美国的可能性，因为美国劳动力成本较高。他指出，美国工人的工资是中国工人的2.6倍。</p>\r\n<p>不过，莫汉重申了自己给予苹果公司股票“买入”评级，维持给予苹果股票每股250美元目标股价。这个目标股价较苹果股票上周五收盘价高出13%。</p>\r\n<p>针对以上消息，苹果没有立即回应媒体的置评请求。（天门山）</p>\r\n','（原标题：IPhone prices would rise up to 20% if Apple assembles in the US like Trump wants — estimate）','分析师：如果iPhone全在美国组装 至少涨价20%',1,'4028935d65834deb01658365560c0001',NULL,'4028935d657a718501657a8433b40000','0','0','1','2018-08-30 17:26:47','2018-09-11 17:42:04'),('4028935d658a1b9c01658a2ed1fe0003','北京时间9月11日凌晨2时45分，欧洲国家联赛，土耳其在两球落后的情况下连进三球，最终客场3-2逆转战胜瑞典。替补出场的球员阿克巴巴在最后4分钟连进两球，是土耳其取胜的最大功臣！\r\n土耳其目前在国际足联积分榜上仅排名第38位，并且无缘今夏世界杯。而瑞典则排名第13位，并且杀进了今夏世界杯八强。可以说理论上瑞典的实力强于土耳其，而且瑞典这次还拥有主场优势，赛前人们都更看好瑞典取胜。\r\n\r\n比赛进行到第34分钟，效力于勒沃库森的前锋特林头球攻门击中门柱，随后他补射得分，帮助瑞典取得领先。\r\n![](https://ss2.baidu.com/6ONYsjip0QIZ8tyhnq/it/u=2619986972,888520582&fm=173&app=25&f=JPEG?w=640&h=407&s=BD0225D75CB60498922C653C0300D064)\r\n### 强悍','<p>北京时间9月11日凌晨2时45分，欧洲国家联赛，土耳其在两球落后的情况下连进三球，最终客场3-2逆转战胜瑞典。替补出场的球员阿克巴巴在最后4分钟连进两球，是土耳其取胜的最大功臣！<br>土耳其目前在国际足联积分榜上仅排名第38位，并且无缘今夏世界杯。而瑞典则排名第13位，并且杀进了今夏世界杯八强。可以说理论上瑞典的实力强于土耳其，而且瑞典这次还拥有主场优势，赛前人们都更看好瑞典取胜。</p>\r\n<p>比赛进行到第34分钟，效力于勒沃库森的前锋特林头球攻门击中门柱，随后他补射得分，帮助瑞典取得领先。<br><img src=\"https://ss2.baidu.com/6ONYsjip0QIZ8tyhnq/it/u=2619986972,888520582&amp;fm=173&amp;app=25&amp;f=JPEG?w=640&amp;h=407&amp;s=BD0225D75CB60498922C653C0300D064\" alt=\"\"></p>\r\n<h3 id=\"h3-u5F3Au608D\"><a name=\"强悍\" class=\"reference-link\"></a><span class=\"header-link octicon octicon-link\"></span>强悍</h3>','“马云，我把毕业生分到大学里面去当老师的，你是第一个。你到那里至少要干满五年。”“马云，我把毕业生分到大学里面去当老师的，你是第一个。你到那里至少要干满五年。”“马云，我把毕业生分到大学里面去当老师的，你是第一个。你到那里至少要干满五年。”','土耳其炸出超级替补！4分钟2神奇进球，从0-2到3-2！读秒逆转瑞典',3,'4028935d657a718501657a9781da000c','4028937065d756410165d76836b90003','4028935d657a718501657a8433b40000','0','2','1','2018-08-30 17:34:08','2018-09-14 17:33:57'),('4028935d658a1b9c01658a2ee0900004','![](https://ss0.baidu.com/6ONWsjip0QIZ8tyhnq/it/u=1415793786,2761350963&fm=173&app=25&f=JPEG?w=640&h=439&s=AF30658740A32EA45201156F0300F010)','<p><img src=\"https://ss0.baidu.com/6ONWsjip0QIZ8tyhnq/it/u=1415793786,2761350963&amp;fm=173&amp;app=25&amp;f=JPEG?w=640&amp;h=439&amp;s=AF30658740A32EA45201156F0300F010\" alt=\"\"></p>\r\n','','扶贫英雄史润龙”的身份造假路径',6,'4028935d657a718501657a9781da000c',NULL,'4028935d657a718501657a8433b40000','0','0','1','2018-08-30 17:34:12','2018-09-11 17:41:54'),('4028937065c7eaad0165c7fe06420000','35年前，马云大学毕业。\r\n\r\n作为一名师范学院的学生，在大学学习期间，马云每天想的都是毕业后从事一份非教师的工作。\r\n\r\n可由于师范生在校期间享受了国家的优惠政策，毕业分配时当然也就需要履行相应的义务。\r\n\r\n正巧毕业那年杭州电子工业学院急缺英语教师，时任杭州师范学院副院长的黄书孟推荐了马云过去。\r\n\r\n就算在当时，本科毕业生执大学教鞭也是十分罕见。在杭州师范学院同届500名毕业生中，只有马云一人获得此机会。\r\n\r\n在后来回忆此事时，黄书孟表示在校期间做了3年校学生会主席、2年杭州市学联主席的马云与分管学生工作的他多有接触。\r\n\r\n“表现很突出，社会活动能力很强，凝聚力很强，很热心”是黄书孟对马云的印象。\r\n\r\n但由于担心马云“脑子太活”，不肯在教师位上待太久，黄书孟在毕业那天特意把马云送到校门口，并立下了五年之约。\r\n\r\n“马云，我把毕业生分到大学里面去当老师的，你是第一个。你到那里至少要干满五年。”\r\n\r\n“好的，黄院长，我听您的。”马云回答得斩钉截铁。\r\n![](https://ss0.baidu.com/6ONWsjip0QIZ8tyhnq/it/u=1415793786,2761350963&fm=173&app=25&f=JPEG?w=640&h=439&s=AF30658740A32EA45201156F0300F010)\r\n热情一把火\r\n\r\n1989年1月，歌手高凌风推出了专辑《黄土高原》。\r\n\r\n在专辑里收录的《热情一把火》正好对应了学生们对彼时已在杭州电子工业学院执教半年的马云的印象。\r\n\r\n但其实在刚来报到教书时，马云却十分后悔。\r\n\r\n每月91元的工资，因学历低于周围同事而没有年终奖，社会出现知识分子下海潮，都在有形和无形中对马云带去了不少冲击。\r\n\r\n可既来之，则安之。\r\n\r\n在目前网上流传的马云当年上课的视频里可以看到，学生们与马云互动频繁，时不时传来一片欢笑。\r\n\r\n据当年马云的学生，后来阿里巴巴十八位创始人之一的蒋芳回忆，马云总是富有激情，有时讲到兴起，还会一屁股坐到讲台上，“特高兴地跟我们扯”“不知不觉很快就打下课铃了”。\r\n\r\n与传统的照本宣科不一样，马云讲课天马行空，从国外的风俗文化、人生价值到同事八卦，无不包含。\r\n\r\n在那段视频里，留着中分的他竖着大拇指，得意而真诚地夸赞自己：“我还是比较适合教书的，我教书教得很好，真的很棒！我自己觉得自己可能教书教得炉火纯青！”\r\n\r\n而这种自信与激情，马云也在有意无意中传递给学生们。\r\n\r\n马云当年的学生，蒋芳的学妹，后来也是阿里巴巴十八位创始人之一的韩敏讲了一个与蒋芳相似的故事。\r\n\r\n当时按照要求，他们的专业需要在大一参加英语四级考试，同学们起初很忐忑，怕过不了。但马云一直勉励他们说：“肯定能过！”并打赌如果四级全过，就请全班吃饭。\r\n\r\n为此，同学们都使劲读书，整个学习氛围一下被积极调动起来。最终的结果是，蒋芳他们班全班通过，韩敏他们班只有一人没有通过。\r\n\r\n除了正向鼓励，马云也善于通过自嘲来为学生们加油打气。\r\n\r\n“我这个人没有什么天分，高考也是考了三次，我今天能当英语老师，就是因为当年在西湖边见人就给人当免费导游，敢于说敢于练。”每提到此事，学生们都笑得合不拢嘴，也暗暗下定决心要努力学习。\r\n\r\n但平日温和的马云，也有严厉的时候。\r\n\r\n在蒋芳的印象里，大一刚入学的他们，就被马云要求背诵新概念英语第二册，而且是把前面100篇全背完。\r\n\r\n为了督促他们，马云采取了对学生来说十分“恶毒”的方式：期中和期末考试，各有一道20分的默写题，从这100篇课文里出。\r\n\r\n“我估计全学校早读的就是我们班了。每个人吃完早饭，在上第一节课之前，都在外面背课文。”蒋芳回忆道。\r\n\r\n也因此，马云成为了学生们爱戴喜欢的明星教师。在一张马云学生保留了24年的《杭电报》上的第二版，刊登着马云和其他九位同事获得“首届优秀青年骨干老师”称号的报道。\r\n\r\n草蛇灰线，伏脉千里。这段热情洋溢的执教经历，为日后马云的事业带来了不可忽略的重要影响。\r\n![](https://ss2.baidu.com/6ONYsjip0QIZ8tyhnq/it/u=840765800,906794861&fm=173&app=25&f=JPEG?w=640&h=336&s=4462BB46273339945C74651A0100E0D0)\r\n用当老师的方法当CEO\r\n\r\n大多数人对于马云的认识，都是从1994年在美国“触网”开始的。\r\n\r\n这段经历在互联网上疯传过多个版本，真假难辨。\r\n\r\n但毫无疑问的是，回国后的马云，辞职了。\r\n\r\n根据马云助理陈伟所著的《这就是马云》一书中的记述，马云从美国回来之后，“每天都张牙舞爪地讲得很兴奋”，“讲完了互联网之后，又讲他的创业计划……”\r\n\r\n离开了执教六年半的杭州电子工业学院，马云也有不舍。但正如他后来回答学生周宁问他为何要离开学校的理由一样——虽然他也很喜欢做老师，但是他想做更有意思的事情。\r\n\r\n从事后发展的轨迹来看，马云显然没有真正意义上脱离教师身份，只是把它带到了这更有意思的事情上。\r\n\r\n在公开场合，马云多次讲起教师经历对他和阿里巴巴这家公司的塑造和影响，并称自己为阿里巴巴首席教育官。\r\n\r\n因为，在他的眼里，做老师的工作，唯一的目的就是让你的学生比你更强、比你更好。\r\n\r\n“CEO如果不能像老师一样用成就他人的思想来做，不是去帮助员工成功，不是去帮助客户成功，不是去帮助合作伙伴成功，我相信这家公司就很难成功。”\r\n\r\n这种影响也体现在了公司的内部文化上，无论是阿里巴巴的员工还是去阿里巴巴参观过的人，都感觉这家公司有学校的氛围。\r\n\r\n例如在称呼上，同事之间互叫“同学”，员工叫马云为“马老师”；而在管理上，实行了“班委制”。\r\n\r\n在马云看来，正是具有了老师一样的理想主义，才让阿里巴巴变成了一家与众不同的公司。\r\n\r\n韩敏认为，现在阿里巴巴园区里那些来来往往拼命工作的年轻人，和当年课堂上被马云激励着刻苦学习英语的学生没多大的区别。\r\n\r\n“能够成为老师是我一辈子最大的荣幸，我是用当教师的方法当CEO！”杭州师范大学110周年校庆大会上，马云如是说。\r\n\r\n乡村教师代言人\r\n\r\n对于大多数企业家来说，“企业+姓名”的命名方式是他们微博ID的标配。\r\n\r\n而“乡村教师代言人—马云”这个昵称，在清一色的企业家的微博ID里，显得格外不同。\r\n\r\n而这，与马云六年半的执教生涯不无关系。\r\n\r\n基于对教师行业的尊重与热爱，2015年9月，马云在北京师范大学启动了“马云乡村教师计划暨首届马云乡村教师奖”。决定每年为100名乡村教师提供总金额为1000万元的奖金资助和持续三年的专业发展支持。\r\n\r\n“这些钱是微不足道的，我下半辈子希望作为乡村教师的代言人，唤起社会对乡村教师的重视。”在启动仪式现场，马云与当年在三尺讲台授课时一样，情绪一上来，便滔滔不绝。\r\n\r\n作为阿里巴巴这样的巨型企业的掌舵人，马云资助乡村教师只是其反哺教育的其中一例。\r\n\r\n2017年12月1日，马云宣布成立阿里巴巴脱贫基金，并计划在五年内拿出100亿投入到基金里。其中，教育脱贫是重要的方向之一。\r\n\r\n光投入资金还不够，马云身体力行，为了重新找回当年手执教鞭的感觉，发起创办了湖畔大学和云谷学校。而这些，全是公益与非营利性质的。\r\n\r\n今年5月18日，在香港大学的第199届学位颁授典礼上，马云获颁名誉社会科学博士学位。\r\n\r\n在香港大学教授史乐文看来，尽管马云拥有诸多成就，但他从未失去过对教学、鼓舞青年或倡导年轻企业家的热情，这也成为描述“马云是谁”的重要部分。他还在赞词中形容马云是“世界上最鼓舞人心、最成功的老师之一”，用自己的经历激励着年轻一代。\r\n\r\n与评价相佐证的，是马云一件有关教育的心事。\r\n\r\n“今天2000万的新生儿，他们每个人素质不一样，有会学习的，有不会学习的，有运动好的，有艺术好的，我们不能像流水线一样教育，这样对我国资源是巨大的浪费。未来国与国之间的核心竞争点就是教育，而教育的重点和基础就是师范学校和师范生。”\r\n\r\n为此，马云四处讲课，传授心得。飞到世界各地，只为和年轻人交流。每次杭州师范大学需要马云为学生们讲点什么的时候，只要有空，他都会欣然应允。\r\n\r\n重视教育并投身教育已经成为马云鲜明的标签，而以“乡村教师代言人”的身份为名，也正是马云不断提醒自己身上责任的实质举措。![](https://ss1.baidu.com/6ONXsjip0QIZ8tyhnq/it/u=1681077595,3261177249&fm=173&app=25&f=JPEG?w=640&h=381&s=3862E1047C43BE5B1CF4598B0300508A)后记\r\n\r\n时光荏苒，马云从进入杭州师范学院到现在已经整整30年。\r\n\r\n那个小时候梦想着成为司机、售票员、警察、科学家、解放军却唯独不想成为教师的马云万万没想到，自己一生都将烙上“马老师”的印记。\r\n\r\n而这，也成为了他一生中最骄傲的身份。\r\n\r\n原标题：师者，马云','<p>30年前，马云大学毕业。</p>\r\n<p>作为一名师范学院的学生，在大学学习期间，马云每天想的都是毕业后从事一份非教师的工作。</p>\r\n<p>可由于师范生在校期间享受了国家的优惠政策，毕业分配时当然也就需要履行相应的义务。</p>\r\n<p>正巧毕业那年杭州电子工业学院急缺英语教师，时任杭州师范学院副院长的黄书孟推荐了马云过去。</p>\r\n<p>就算在当时，本科毕业生执大学教鞭也是十分罕见。在杭州师范学院同届500名毕业生中，只有马云一人获得此机会。</p>\r\n<p>在后来回忆此事时，黄书孟表示在校期间做了3年校学生会主席、2年杭州市学联主席的马云与分管学生工作的他多有接触。</p>\r\n<p>“表现很突出，社会活动能力很强，凝聚力很强，很热心”是黄书孟对马云的印象。</p>\r\n<p>但由于担心马云“脑子太活”，不肯在教师位上待太久，黄书孟在毕业那天特意把马云送到校门口，并立下了五年之约。</p>\r\n<p>“马云，我把毕业生分到大学里面去当老师的，你是第一个。你到那里至少要干满五年。”</p>\r\n<p>“好的，黄院长，我听您的。”马云回答得斩钉截铁。<br><img src=\"https://ss0.baidu.com/6ONWsjip0QIZ8tyhnq/it/u=1415793786,2761350963&amp;fm=173&amp;app=25&amp;f=JPEG?w=640&amp;h=439&amp;s=AF30658740A32EA45201156F0300F010\" alt=\"\"><br>热情一把火</p>\r\n<p>1989年1月，歌手高凌风推出了专辑《黄土高原》。</p>\r\n<p>在专辑里收录的《热情一把火》正好对应了学生们对彼时已在杭州电子工业学院执教半年的马云的印象。</p>\r\n<p>但其实在刚来报到教书时，马云却十分后悔。</p>\r\n<p>每月91元的工资，因学历低于周围同事而没有年终奖，社会出现知识分子下海潮，都在有形和无形中对马云带去了不少冲击。</p>\r\n<p>可既来之，则安之。</p>\r\n<p>在目前网上流传的马云当年上课的视频里可以看到，学生们与马云互动频繁，时不时传来一片欢笑。</p>\r\n<p>据当年马云的学生，后来阿里巴巴十八位创始人之一的蒋芳回忆，马云总是富有激情，有时讲到兴起，还会一屁股坐到讲台上，“特高兴地跟我们扯”“不知不觉很快就打下课铃了”。</p>\r\n<p>与传统的照本宣科不一样，马云讲课天马行空，从国外的风俗文化、人生价值到同事八卦，无不包含。</p>\r\n<p>在那段视频里，留着中分的他竖着大拇指，得意而真诚地夸赞自己：“我还是比较适合教书的，我教书教得很好，真的很棒！我自己觉得自己可能教书教得炉火纯青！”</p>\r\n<p>而这种自信与激情，马云也在有意无意中传递给学生们。</p>\r\n<p>马云当年的学生，蒋芳的学妹，后来也是阿里巴巴十八位创始人之一的韩敏讲了一个与蒋芳相似的故事。</p>\r\n<p>当时按照要求，他们的专业需要在大一参加英语四级考试，同学们起初很忐忑，怕过不了。但马云一直勉励他们说：“肯定能过！”并打赌如果四级全过，就请全班吃饭。</p>\r\n<p>为此，同学们都使劲读书，整个学习氛围一下被积极调动起来。最终的结果是，蒋芳他们班全班通过，韩敏他们班只有一人没有通过。</p>\r\n<p>除了正向鼓励，马云也善于通过自嘲来为学生们加油打气。</p>\r\n<p>“我这个人没有什么天分，高考也是考了三次，我今天能当英语老师，就是因为当年在西湖边见人就给人当免费导游，敢于说敢于练。”每提到此事，学生们都笑得合不拢嘴，也暗暗下定决心要努力学习。</p>\r\n<p>但平日温和的马云，也有严厉的时候。</p>\r\n<p>在蒋芳的印象里，大一刚入学的他们，就被马云要求背诵新概念英语第二册，而且是把前面100篇全背完。</p>\r\n<p>为了督促他们，马云采取了对学生来说十分“恶毒”的方式：期中和期末考试，各有一道20分的默写题，从这100篇课文里出。</p>\r\n<p>“我估计全学校早读的就是我们班了。每个人吃完早饭，在上第一节课之前，都在外面背课文。”蒋芳回忆道。</p>\r\n<p>也因此，马云成为了学生们爱戴喜欢的明星教师。在一张马云学生保留了24年的《杭电报》上的第二版，刊登着马云和其他九位同事获得“首届优秀青年骨干老师”称号的报道。</p>\r\n<p>草蛇灰线，伏脉千里。这段热情洋溢的执教经历，为日后马云的事业带来了不可忽略的重要影响。<br><img src=\"https://ss2.baidu.com/6ONYsjip0QIZ8tyhnq/it/u=840765800,906794861&amp;fm=173&amp;app=25&amp;f=JPEG?w=640&amp;h=336&amp;s=4462BB46273339945C74651A0100E0D0\" alt=\"\"><br>用当老师的方法当CEO</p>\r\n<p>大多数人对于马云的认识，都是从1994年在美国“触网”开始的。</p>\r\n<p>这段经历在互联网上疯传过多个版本，真假难辨。</p>\r\n<p>但毫无疑问的是，回国后的马云，辞职了。</p>\r\n<p>根据马云助理陈伟所著的《这就是马云》一书中的记述，马云从美国回来之后，“每天都张牙舞爪地讲得很兴奋”，“讲完了互联网之后，又讲他的创业计划……”</p>\r\n<p>离开了执教六年半的杭州电子工业学院，马云也有不舍。但正如他后来回答学生周宁问他为何要离开学校的理由一样——虽然他也很喜欢做老师，但是他想做更有意思的事情。</p>\r\n<p>从事后发展的轨迹来看，马云显然没有真正意义上脱离教师身份，只是把它带到了这更有意思的事情上。</p>\r\n<p>在公开场合，马云多次讲起教师经历对他和阿里巴巴这家公司的塑造和影响，并称自己为阿里巴巴首席教育官。</p>\r\n<p>因为，在他的眼里，做老师的工作，唯一的目的就是让你的学生比你更强、比你更好。</p>\r\n<p>“CEO如果不能像老师一样用成就他人的思想来做，不是去帮助员工成功，不是去帮助客户成功，不是去帮助合作伙伴成功，我相信这家公司就很难成功。”</p>\r\n<p>这种影响也体现在了公司的内部文化上，无论是阿里巴巴的员工还是去阿里巴巴参观过的人，都感觉这家公司有学校的氛围。</p>\r\n<p>例如在称呼上，同事之间互叫“同学”，员工叫马云为“马老师”；而在管理上，实行了“班委制”。</p>\r\n<p>在马云看来，正是具有了老师一样的理想主义，才让阿里巴巴变成了一家与众不同的公司。</p>\r\n<p>韩敏认为，现在阿里巴巴园区里那些来来往往拼命工作的年轻人，和当年课堂上被马云激励着刻苦学习英语的学生没多大的区别。</p>\r\n<p>“能够成为老师是我一辈子最大的荣幸，我是用当教师的方法当CEO！”杭州师范大学110周年校庆大会上，马云如是说。</p>\r\n<p>乡村教师代言人</p>\r\n<p>对于大多数企业家来说，“企业+姓名”的命名方式是他们微博ID的标配。</p>\r\n<p>而“乡村教师代言人—马云”这个昵称，在清一色的企业家的微博ID里，显得格外不同。</p>\r\n<p>而这，与马云六年半的执教生涯不无关系。</p>\r\n<p>基于对教师行业的尊重与热爱，2015年9月，马云在北京师范大学启动了“马云乡村教师计划暨首届马云乡村教师奖”。决定每年为100名乡村教师提供总金额为1000万元的奖金资助和持续三年的专业发展支持。</p>\r\n<p>“这些钱是微不足道的，我下半辈子希望作为乡村教师的代言人，唤起社会对乡村教师的重视。”在启动仪式现场，马云与当年在三尺讲台授课时一样，情绪一上来，便滔滔不绝。</p>\r\n<p>作为阿里巴巴这样的巨型企业的掌舵人，马云资助乡村教师只是其反哺教育的其中一例。</p>\r\n<p>2017年12月1日，马云宣布成立阿里巴巴脱贫基金，并计划在五年内拿出100亿投入到基金里。其中，教育脱贫是重要的方向之一。</p>\r\n<p>光投入资金还不够，马云身体力行，为了重新找回当年手执教鞭的感觉，发起创办了湖畔大学和云谷学校。而这些，全是公益与非营利性质的。</p>\r\n<p>今年5月18日，在香港大学的第199届学位颁授典礼上，马云获颁名誉社会科学博士学位。</p>\r\n<p>在香港大学教授史乐文看来，尽管马云拥有诸多成就，但他从未失去过对教学、鼓舞青年或倡导年轻企业家的热情，这也成为描述“马云是谁”的重要部分。他还在赞词中形容马云是“世界上最鼓舞人心、最成功的老师之一”，用自己的经历激励着年轻一代。</p>\r\n<p>与评价相佐证的，是马云一件有关教育的心事。</p>\r\n<p>“今天2000万的新生儿，他们每个人素质不一样，有会学习的，有不会学习的，有运动好的，有艺术好的，我们不能像流水线一样教育，这样对我国资源是巨大的浪费。未来国与国之间的核心竞争点就是教育，而教育的重点和基础就是师范学校和师范生。”</p>\r\n<p>为此，马云四处讲课，传授心得。飞到世界各地，只为和年轻人交流。每次杭州师范大学需要马云为学生们讲点什么的时候，只要有空，他都会欣然应允。</p>\r\n<p>重视教育并投身教育已经成为马云鲜明的标签，而以“乡村教师代言人”的身份为名，也正是马云不断提醒自己身上责任的实质举措。<img src=\"https://ss1.baidu.com/6ONXsjip0QIZ8tyhnq/it/u=1681077595,3261177249&amp;fm=173&amp;app=25&amp;f=JPEG?w=640&amp;h=381&amp;s=3862E1047C43BE5B1CF4598B0300508A\" alt=\"\">后记</p>\r\n<p>时光荏苒，马云从进入杭州师范学院到现在已经整整30年。</p>\r\n<p>那个小时候梦想着成为司机、售票员、警察、科学家、解放军却唯独不想成为教师的马云万万没想到，自己一生都将烙上“马老师”的印记。</p>\r\n<p>而这，也成为了他一生中最骄傲的身份。</p>\r\n<p>原标题：师者，马云</p>\r\n','30年前，马云大学毕业。\r\n\r\n作为一名师范学院的学生，在大学学习期间，马云每天想的都是毕业后从事一份非教师的工作。','工资91元的大学教师，马云为何一当就是六年半？',4,NULL,NULL,'4028935d657a718501657a8433b40000','0','2','1','2018-09-11 17:37:18','2018-09-11 17:37:48'),('4028937065c7eaad0165c7ff0bb70005','1\r\n后记\r\n\r\n时光荏苒，马云从进入杭州师范学院到现在已经整整30年。\r\n\r\n那个小时候梦想着成为司机、售票员、警察、科学家、解放军却唯独不想成为教师的马云万万没想到，自己一生都将烙上“马老师”的印记。\r\n\r\n而这，也成为了他一生中最骄傲的身份。\r\n\r\n原标题：师者，马云','<p>1<br>后记</p>\r\n<p>时光荏苒，马云从进入杭州师范学院到现在已经整整30年。</p>\r\n<p>那个小时候梦想着成为司机、售票员、警察、科学家、解放军却唯独不想成为教师的马云万万没想到，自己一生都将烙上“马老师”的印记。</p>\r\n<p>而这，也成为了他一生中最骄傲的身份。</p>\r\n<p>原标题：师者，马云</p>\r\n','凤飞飞','天天乐',4,'4028937065cbb4bf0165cbb8bd280000','4028937065d756410165d759dbb00001','4028935d657a718501657a8433b40000','0','2','1','2018-09-11 17:38:25','2018-09-14 17:11:55');

/*Table structure for table `category` */

DROP TABLE IF EXISTS `category`;

CREATE TABLE `category` (
  `ID` varchar(32) COLLATE utf8_unicode_ci NOT NULL,
  `NAME` varchar(50) COLLATE utf8_unicode_ci DEFAULT NULL COMMENT '分类名称',
  `CODE` varchar(50) COLLATE utf8_unicode_ci DEFAULT NULL COMMENT '编码',
  `TYPE` varchar(1) COLLATE utf8_unicode_ci DEFAULT NULL COMMENT '类型',
  `FILE` varchar(32) COLLATE utf8_unicode_ci DEFAULT NULL COMMENT '图片，用于单独展示',
  `STATUS` varchar(1) COLLATE utf8_unicode_ci DEFAULT NULL COMMENT '状态',
  `COMMENTS` varchar(150) COLLATE utf8_unicode_ci DEFAULT NULL COMMENT '备注',
  `CREATE_TIME` datetime DEFAULT NULL,
  `UPDATE_TIME` datetime DEFAULT NULL,
  PRIMARY KEY (`ID`)
) ENGINE=InnoDB DEFAULT CHARSET=utf8 COLLATE=utf8_unicode_ci;

/*Data for the table `category` */

insert  into `category`(`ID`,`NAME`,`CODE`,`TYPE`,`FILE`,`STATUS`,`COMMENTS`,`CREATE_TIME`,`UPDATE_TIME`) values ('4028935d657a718501657a9123d3000a','springboot',NULL,'0',NULL,'1','springboot一款spring出品的开源框架，基于模块化','2018-08-27 16:47:36','2018-08-27 16:47:50'),('4028935d657a718501657a9781da000c','docker',NULL,'1',NULL,'1','','2018-08-27 16:54:34','2018-09-14 15:50:58'),('4028935d65834deb01658365560c0001','javascrip',NULL,'0',NULL,'1','','2018-08-29 09:56:21','2018-08-29 09:56:21'),('4028937065cb710a0165cb9d790d0000','云服务',NULL,'1','4028937065cbe6700165cbe9b9e10003','1','属于云服务从无到有系列','2018-09-12 10:30:19','2018-09-12 11:53:37'),('4028937065cbb4bf0165cbb8bd280000','springboot从0-1',NULL,'1','4028937065cbe6700165cbe980550001','1','学习从开发工具到环境搭建，再到框架代码学习，最后部署上云的全过程','2018-09-12 11:00:06','2018-09-12 11:53:22'),('4028937065cbb4bf0165cbb959040001','测试23',NULL,'3',NULL,'0','嗷嗷1','2018-09-12 11:00:46','2018-09-12 11:01:08'),('4028937065d6ca9b0165d70516c5001e','从0-1爬坑阿里云',NULL,'0','4028937065d6ca9b0165d706e2ab0020','1','从选择到购买到部署，再到全套周边服务器的申请，最终搭建起来属于自己的云服务器','2018-09-14 15:39:19','2018-09-14 15:51:04');

/*Table structure for table `comment` */

DROP TABLE IF EXISTS `comment`;

CREATE TABLE `comment` (
  `ID` varchar(32) COLLATE utf8_unicode_ci NOT NULL,
  `USER` varchar(32) COLLATE utf8_unicode_ci DEFAULT NULL COMMENT '评论人ID，关联用户',
  `SCREENNAME` varchar(150) COLLATE utf8_unicode_ci DEFAULT NULL COMMENT '屏显名称，不关联具体人，只保存名称，用于开启匿名评论',
  `ARTICAL` varchar(32) COLLATE utf8_unicode_ci DEFAULT NULL COMMENT '文章',
  `COMMENT` varchar(500) COLLATE utf8_unicode_ci DEFAULT NULL COMMENT '评论内容',
  `STATUS` varchar(1) COLLATE utf8_unicode_ci DEFAULT NULL COMMENT '状态',
  `UPDATE_TIME` datetime DEFAULT NULL,
  `CREATE_TIME` datetime DEFAULT NULL,
  PRIMARY KEY (`ID`)
) ENGINE=InnoDB DEFAULT CHARSET=utf8 COLLATE=utf8_unicode_ci;

/*Data for the table `comment` */

insert  into `comment`(`ID`,`USER`,`SCREENNAME`,`ARTICAL`,`COMMENT`,`STATUS`,`UPDATE_TIME`,`CREATE_TIME`) values ('4028935d658e6bba01658e704dab0000',NULL,'*.*.*.*','4028935d657a718501657a9695e9000b','很好，多谢分享，学习到很多东西，希望以后多多更新，关注关注','0','2018-08-31 15:39:44','2018-08-31 13:24:09'),('4028935d658e75a001658e7ea62a0000',NULL,'192*.*221','4028935d657a718501657a9db76a001e','很好很满意，点赞','0','2018-08-31 14:47:32','2018-08-31 13:39:49'),('4028935d658e75a001658e986a970001',NULL,'192.*.*.221','4028935d657a718501657a9695e9000b','很好，多谢分享，学习到很多东西，希望以后多多更新，关注关注123','0','2018-08-31 15:39:54','2018-08-31 14:07:58'),('4028935d658e75a001658e987a8e0002',NULL,'192.*.*.221','4028935d657a718501657a9695e9000b','123很好，多谢分享，学习到很多东西，希望以后多多更新，关注关注','0','2018-08-31 15:39:55','2018-08-31 14:08:02'),('4028935d658e75a001658e988d8b0003',NULL,'192.*.*.221','4028935d657a718501657a9695e9000b','3很好，多谢分享，学习到很多东西，希望以后多多更新，关注关注','0','2018-08-31 15:39:56','2018-08-31 14:08:07'),('4028935d658e75a001658e98a09e0004',NULL,'192.*.*.221','4028935d657a718501657a9695e9000b','4很好，多谢分享，学习到很多东西，希望以后多多更新，关注关注','0','2018-08-31 15:39:57','2018-08-31 14:08:11'),('4028935d658e75a001658e98af070005',NULL,'192.*.*.221','4028935d657a718501657a9695e9000b','5很好，多谢分享，学习到很多东西，希望以后多多更新，关注关注','1','2018-08-31 14:08:15','2018-08-31 14:08:15'),('4028935d658e75a001658e98bc200006',NULL,'192.*.*.221','4028935d657a718501657a9695e9000b','6很好，多谢分享，学习到很多东西，希望以后多多更新，关注关注','1','2018-08-31 14:08:18','2018-08-31 14:08:18'),('4028935d658e75a001658e98cd1c0007',NULL,'192.*.*.221','4028935d657a718501657a9695e9000b','7很好，多谢分享，学习到很多东西，希望以后多多更新，关注关注','1','2018-08-31 14:08:23','2018-08-31 14:08:23'),('4028935d658e75a001658e98df520008',NULL,'192.*.*.221','4028935d657a718501657a9695e9000b','8很好，多谢分享，学习到很多东西，希望以后多多更新，关注关注','1','2018-08-31 14:08:27','2018-08-31 14:08:27'),('4028935d658e75a001658e98f4e60009',NULL,'192.*.*.221','4028935d657a718501657a9695e9000b','9很好，多谢分享，学习到很多东西，希望以后多多更新，关注关注','1','2018-08-31 14:08:33','2018-08-31 14:08:33'),('4028935d658e75a001658e9903d1000a',NULL,'192.*.*.221','4028935d657a718501657a9695e9000b','10很好，多谢分享，学习到很多东西，希望以后多多更新，关注关注','1','2018-08-31 14:10:55','2018-08-31 14:08:37'),('4028935d658e75a001658e99140e000b',NULL,'192.*.*.221','4028935d657a718501657a9695e9000b','11很好，多谢分享，学习到很多东西，希望以后多多更新，关注关注','1','2018-08-31 14:41:04','2018-08-31 14:08:41'),('4028935d658eaefb01658ebec9470000',NULL,'192.*.*.221','4028935d657a718501657aa300a10025','棒棒的，排队半天了，终于开评论了，沙发~~~~','1','2018-08-31 14:49:52','2018-08-31 14:49:52'),('4028935d658eaefb01658ec3eedd0001',NULL,'192.*.*.221','4028935d657a718501657aa7bc69002e','很好，多谢分享，学习到很多东西，希望以后多多更新，关注关注','1','2018-08-31 14:55:30','2018-08-31 14:55:30'),('4028935d658eaefb01658ec44f5d0002',NULL,'192.*.*.221','4028935d658367d1016583739c370000','棒棒的，排队半天了，终于开评论了，沙发~~~~','1','2018-08-31 14:55:54','2018-08-31 14:55:54'),('4028935d658ee6f001658eee14600000',NULL,'192.*.*.221','4028935d65834deb01658366b9ee0006','lalalalallalalalala','0','2018-08-31 15:41:32','2018-08-31 15:41:32'),('4028935d658ee6f001658ef016680001',NULL,'192.*.*.221','4028935d65834deb01658366b9ee0006','这篇文章写得包<script>alert(\'看看稳定性\');</script>','1','2018-08-31 15:43:43','2018-08-31 15:43:43'),('4028935d658ee6f001658ef068910002',NULL,'192.*.*.221','4028935d65834deb01658366b9ee0006','在来一句测试一下范围.@#$%^&*()!~','1','2018-08-31 15:44:04','2018-08-31 15:44:04');

/*Table structure for table `dic` */

DROP TABLE IF EXISTS `dic`;

CREATE TABLE `dic` (
  `ID` varchar(32) COLLATE utf8_unicode_ci NOT NULL,
  `NAME` varchar(50) COLLATE utf8_unicode_ci DEFAULT NULL,
  `CODE` varchar(50) COLLATE utf8_unicode_ci DEFAULT NULL,
  `STATUS` varchar(1) COLLATE utf8_unicode_ci DEFAULT NULL,
  `COMMENTS` varchar(150) COLLATE utf8_unicode_ci DEFAULT NULL,
  `CREATE_TIME` datetime DEFAULT NULL,
  `UPDATE_TIME` datetime DEFAULT NULL,
  PRIMARY KEY (`ID`)
) ENGINE=InnoDB DEFAULT CHARSET=utf8 COLLATE=utf8_unicode_ci;

/*Data for the table `dic` */

insert  into `dic`(`ID`,`NAME`,`CODE`,`STATUS`,`COMMENTS`,`CREATE_TIME`,`UPDATE_TIME`) values ('4028937065c16b720165c1744b200001','区域','POSITION','1','头部banner,右侧轮播图，工具箱，资源下载','2018-09-10 11:09:08','2018-09-12 10:37:57'),('4028937065c19b840165c1a0b5970001','板块','PLATE','1','文章所属板块,当前板块分为，博客；行业新闻；从0-1，首页','2018-09-10 11:57:39','2018-09-14 15:37:59');

/*Table structure for table `dic_item` */

DROP TABLE IF EXISTS `dic_item`;

CREATE TABLE `dic_item` (
  `ID` varchar(32) COLLATE utf8_unicode_ci NOT NULL,
  `NAME` varchar(50) COLLATE utf8_unicode_ci DEFAULT NULL,
  `CODE` varchar(50) COLLATE utf8_unicode_ci DEFAULT NULL,
  `DIC` varchar(32) COLLATE utf8_unicode_ci DEFAULT NULL,
  `STATUS` varchar(1) COLLATE utf8_unicode_ci DEFAULT NULL,
  `SORT` int(11) DEFAULT NULL,
  `COMMENTS` varchar(150) COLLATE utf8_unicode_ci DEFAULT NULL,
  `UPDATE_TIME` datetime DEFAULT NULL,
  `CREATE_TIME` datetime DEFAULT NULL,
  PRIMARY KEY (`ID`)
) ENGINE=InnoDB DEFAULT CHARSET=utf8 COLLATE=utf8_unicode_ci;

/*Data for the table `dic_item` */

insert  into `dic_item`(`ID`,`NAME`,`CODE`,`DIC`,`STATUS`,`SORT`,`COMMENTS`,`UPDATE_TIME`,`CREATE_TIME`) values ('4028937065c16b720165c1749c9d0002','头部banner','0','4028937065c16b720165c1744b200001','1',0,'头部图片的配置','2018-09-11 11:02:49','2018-09-10 11:09:29'),('4028937065c16b720165c174eed20003','右侧轮播','1','4028937065c16b720165c1744b200001','1',0,'右侧轮播图的内容添加','2018-09-10 11:09:50','2018-09-10 11:09:50'),('4028937065c19b840165c1a0ec0e0002','博客','0','4028937065c19b840165c1a0b5970001','1',0,'','2018-09-10 11:57:53','2018-09-10 11:57:53'),('4028937065c19b840165c1a154e80003','行业资讯','2','4028937065c19b840165c1a0b5970001','1',0,'','2018-09-11 17:00:05','2018-09-10 11:58:20'),('4028937065c668390165c68bc48f0004','工具箱','3','4028937065c16b720165c1744b200001','1',0,'站外资源，资源URL+标题，通过tag的形式展示与使用','2018-09-11 11:04:34','2018-09-11 10:52:53'),('4028937065c668390165c68cf0ab0005','资源下载','2','4028937065c16b720165c1744b200001','1',0,'百度网盘及其他资源，采用下载链接+标题，采用tag的形式','2018-09-11 11:03:06','2018-09-11 10:54:10'),('4028937065c7ca3d0165c7daa2430002','从0-1系列','1','4028937065c19b840165c1a0b5970001','1',0,'','2018-09-12 11:11:01','2018-09-11 16:58:39'),('4028937065c7ca3d0165c7dad23e0003','首页','3','4028937065c19b840165c1a0b5970001','1',0,'','2018-09-11 16:58:51','2018-09-11 16:58:51'),('4028937065cc64080165cc7e047d0003','内容导航','4','4028937065c19b840165c1a0b5970001','1',0,'','2018-09-12 14:35:35','2018-09-12 14:35:35'),('4028937065cc64080165cc7e398a0004','工具箱','5','4028937065c19b840165c1a0b5970001','1',0,'','2018-09-12 14:36:00','2018-09-12 14:35:49'),('4028937065cc64080165cc7e61d90005','资源下载','6','4028937065c19b840165c1a0b5970001','1',0,'','2018-09-12 14:35:59','2018-09-12 14:35:59');

/*Table structure for table `drumbeating` */

DROP TABLE IF EXISTS `drumbeating`;

CREATE TABLE `drumbeating` (
  `ID` varchar(32) COLLATE utf8_unicode_ci NOT NULL,
  `FILE` varchar(32) COLLATE utf8_unicode_ci DEFAULT NULL COMMENT '图片文件',
  `TITLE` varchar(150) COLLATE utf8_unicode_ci DEFAULT NULL COMMENT '标题',
  `SUMMARY` varchar(255) COLLATE utf8_unicode_ci DEFAULT NULL COMMENT '摘要',
  `URL` varchar(150) COLLATE utf8_unicode_ci DEFAULT NULL COMMENT '链接',
  `STATUS` varchar(1) COLLATE utf8_unicode_ci DEFAULT NULL COMMENT '状态，停用启用等',
  `PLATE` varchar(2) COLLATE utf8_unicode_ci DEFAULT NULL COMMENT '板块',
  `CLOSINGDATE` datetime DEFAULT NULL COMMENT '截止日期，下架日期',
  `TYPE` varchar(2) COLLATE utf8_unicode_ci DEFAULT NULL COMMENT '类型，哪个版块的',
  `CREATE_TIME` datetime DEFAULT NULL,
  `UPDATE_TIME` datetime DEFAULT NULL,
  PRIMARY KEY (`ID`)
) ENGINE=InnoDB DEFAULT CHARSET=utf8 COLLATE=utf8_unicode_ci;

/*Data for the table `drumbeating` */

insert  into `drumbeating`(`ID`,`FILE`,`TITLE`,`SUMMARY`,`URL`,`STATUS`,`PLATE`,`CLOSINGDATE`,`TYPE`,`CREATE_TIME`,`UPDATE_TIME`) values ('4028935d659e91b701659e929bc00002','4028937065e5fe890165e5ff9fb60001','','','','1','3',NULL,'0','2018-09-03 16:35:32','2018-09-17 13:28:05'),('4028935d659e91b701659e939d7b0005','4028937065e60e170165e621ad250009','阿里云显示打折','腾讯财经讯 9月2日，由中国企业联合会、中国企业家协会连续第17次向社会公开发布的“中国企业500强”排行榜今日在西安揭晓。中国企业联合会、中国企业家协会课题组同时发布了一份关于2018中国大企业发展的趋势、问题和建议。','https://finance.qq.com/a/20180902/039501.htm','1','0',NULL,'1','2018-09-03 16:36:38','2018-09-17 14:04:51'),('4028935d659e91b701659e9442460008','4028937065e60e170165e62200fe000b','阿里云优惠活动','提及中国最大的公司，你可能会脱口而出中石化、中石油？阿里巴巴、腾讯？万达、万科？都不对，中国最大的公司是中国铁路总公司。中国铁路总公司是由中央管理的正部级国有独资企业，2013年3月17日正式成立，注册资金10360亿元，职工总数204.56万人，资产总额46631.59亿元，营业里程近2万公里，居世界第一。','https://baijiahao.baidu.com/s?id=1577301547448774030&wfr=spider&for=pc','1','0',NULL,'1','2018-09-03 16:37:21','2018-09-17 14:05:12'),('4028935d659e91b701659e94de17000b','4028935d659e91b701659e94dda9000a','台湾民众积极领证，蔡英文要气坏了。','《港澳台居民居住证申领发放办法》9月1日起正式实施，大陆公安机关设立的6000多个受理点开始受理港澳台居民的申请，各地符合条件的人士出现“抢头香”的“壮观场景”。相对于民众的积极，台湾民进党当局仍在极力阻挠。台湾《中国时报》2日直言，比起从小处着手为台胞着想的大陆，台湾陆委会“威吓国人的制式响应”充满冷战思维，毫无帮助，更无说服力。','https://mbd.baidu.com/newspage/data/landingsuper?context=%7B%22nid%22%3A%22news_18034597517739531806%22%7D&n_type=0&p_from=1','1',NULL,NULL,'1','2018-09-03 16:38:00','2018-09-17 14:06:55'),('4028937065c6b5ef0165c6bd824c0000',NULL,'在线格式化(可加密)','在线格式化工具，支持js,css等加密处理，也可格式化','http://www.bejson.com/','1',NULL,NULL,'3','2018-09-11 11:47:13','2018-09-11 14:00:23'),('4028937065c6b5ef0165c6be0da40001',NULL,'在线格式化(多语言)','可支持多种语言的代码格式化操作','http://tool.oschina.net/codeformat/html','1',NULL,NULL,'3','2018-09-11 11:47:48','2018-09-11 14:00:39'),('4028937065c74d690165c796db0c0000',NULL,'定时任务','可以定时执行制定的任务，根据任务列表指定任务','','1',NULL,NULL,'3','2018-09-11 15:44:37','2018-09-11 15:44:58'),('4028937065c74d690165c7975d470001',NULL,'随心所欲的博客','','','1',NULL,NULL,'3','2018-09-11 15:45:10','2018-09-11 15:45:12'),('4028937065c74d690165c7979b100002',NULL,'压缩工具','','','1',NULL,NULL,'3','2018-09-11 15:45:26','2018-09-11 15:45:36'),('4028937065c74d690165c797bd9a0003',NULL,'转码工具','','','1',NULL,NULL,'3','2018-09-11 15:45:35','2018-09-11 15:45:35'),('4028937065c74d690165c797ea1e0004',NULL,'加密工具','','','1',NULL,NULL,'3','2018-09-11 15:45:46','2018-09-11 15:45:46'),('4028937065c74d690165c79812a60005',NULL,'图片处理','','','1',NULL,NULL,'3','2018-09-11 15:45:56','2018-09-11 15:45:56'),('4028937065c7ca3d0165c7cd77c00000',NULL,'xmanager','linux SSH工具','https://pan.baidu.com/s/1fW-Knbji8JcGAj3kHXCOYg','1',NULL,NULL,'2','2018-09-11 16:44:16','2018-09-11 16:44:18'),('4028937065c7ca3d0165c7ce42510001',NULL,'内存监控代码','用于监控内存情况的java代码，可独立运行的代码','https://pan.baidu.com/s/1mhIbOBe','1',NULL,NULL,'2','2018-09-11 16:45:08','2018-09-11 16:45:08'),('4028937065cc64080165cc6c94a30002','4028937065e60e170165e6141faf0003','从0-1,从无到有','记录我从弱鸡到入门再到熟练的过程','https://promotion.aliyun.com/ntms/yunparter/invite.html?userCode=k8o2t2vr','1','1',NULL,'0','2018-09-12 14:16:32','2018-09-17 13:51:01'),('4028937065cc64080165cc8178bc0008','4028937065e60e170165e614da0d0005','工具箱','平时能用到的全部工具记录下来，用的时候伸手就有','','1','5',NULL,'0','2018-09-12 14:39:21','2018-09-17 13:54:28'),('4028937065cc64080165cc8239f2000b','4028937065cc64080165cc82399c000a','自能办公','物联网一站式开发及云服务平台,提供一体化IoT解决方案,助力传统','','1','0',NULL,'0','2018-09-12 14:40:11','2018-09-17 14:07:17'),('4028937065cc64080165cc830c87000e','4028937065e60e170165e61597110007','行业资讯','平时多关注行业的情况，对于市场的把控是有很大帮助的','','1','2',NULL,'0','2018-09-12 14:41:05','2018-09-17 13:51:42');

/*Table structure for table `file` */

DROP TABLE IF EXISTS `file`;

CREATE TABLE `file` (
  `ID` varchar(32) COLLATE utf8_unicode_ci NOT NULL,
  `SHOWNAME` varchar(255) COLLATE utf8_unicode_ci DEFAULT NULL COMMENT '文件展示名称，上传时文件的名称',
  `SUFFIX` varchar(30) COLLATE utf8_unicode_ci DEFAULT NULL COMMENT '后缀',
  `FILENAME` varchar(255) COLLATE utf8_unicode_ci DEFAULT NULL COMMENT '文件名称，改名后存储的文件名称',
  `PATH` varchar(255) COLLATE utf8_unicode_ci DEFAULT NULL COMMENT '文件路径，根据年月日来分目录',
  `STATUS` varchar(1) COLLATE utf8_unicode_ci DEFAULT NULL COMMENT '状态',
  `TYPE` varchar(32) COLLATE utf8_unicode_ci DEFAULT NULL COMMENT '类型',
  `CREATE_TIME` datetime DEFAULT NULL,
  `UPDATE_TIME` datetime DEFAULT NULL,
  PRIMARY KEY (`ID`)
) ENGINE=InnoDB DEFAULT CHARSET=utf8 COLLATE=utf8_unicode_ci;

/*Data for the table `file` */

insert  into `file`(`ID`,`SHOWNAME`,`SUFFIX`,`FILENAME`,`PATH`,`STATUS`,`TYPE`,`CREATE_TIME`,`UPDATE_TIME`) values ('4028935d657a718501657a9babf70015','20180509172029526','.png','4028935d657a718501657a9babd30014.png','2018\\08\\27\\',NULL,'2','2018-08-27 16:59:07','2018-08-27 16:59:07'),('4028935d657a718501657a9c11030017','20180509172333830','.png','4028935d657a718501657a9c10fd0016.png','2018\\08\\27\\',NULL,'2','2018-08-27 16:59:32','2018-08-27 16:59:32'),('4028935d657a718501657a9c60360019','20180509172423241','.png','4028935d657a718501657a9c602e0018.png','2018\\08\\27\\',NULL,'2','2018-08-27 16:59:53','2018-08-27 16:59:53'),('4028935d657a718501657a9cca31001b','20180509172740232','.png','4028935d657a718501657a9cca1a001a.png','2018\\08\\27\\',NULL,'2','2018-08-27 17:00:20','2018-08-27 17:00:20'),('4028935d657a718501657a9dacb0001d','20180509173207746','.png','4028935d657a718501657a9daca3001c.png','2018\\08\\27\\',NULL,'2','2018-08-27 17:01:18','2018-08-27 17:01:18'),('4028935d659e91b701659e929b3b0001','58e87cffde','.jpg','4028935d659e91b701659e92960b0000.jpg','2018\\09\\03\\',NULL,'1','2018-09-03 16:35:32','2018-09-03 16:35:32'),('4028935d659e91b701659e939d180004','20120729215103_N4zkA','.jpeg','4028935d659e91b701659e939c7d0003.jpeg','2018\\09\\03\\',NULL,'1','2018-09-03 16:36:38','2018-09-03 16:36:38'),('4028935d659e91b701659e9441d40007','453_47660_278504','.jpg','4028935d659e91b701659e9441210006.jpg','2018\\09\\03\\',NULL,'1','2018-09-03 16:37:20','2018-09-03 16:37:20'),('4028935d659e91b701659e94dda9000a','453_47654_686024','.jpg','4028935d659e91b701659e94dcaf0009.jpg','2018\\09\\03\\',NULL,'1','2018-09-03 16:38:00','2018-09-03 16:38:00'),('4028937065cbe6700165cbe980550001','spring','.jpg','4028937065cbe6700165cbe97fd80000.jpg','2018\\09\\12\\',NULL,'4','2018-09-12 11:53:22','2018-09-12 11:53:22'),('4028937065cbe6700165cbe9b9e10003','aliyun','.jpg','4028937065cbe6700165cbe9b9a90002.jpg','2018\\09\\12\\',NULL,'4','2018-09-12 11:53:36','2018-09-12 11:53:36'),('4028937065cc64080165cc6c93d40001','微信图片_20180912141601','.png','4028937065cc64080165cc6c93370000.png','2018\\09\\12\\',NULL,'1','2018-09-12 14:16:32','2018-09-12 14:16:32'),('4028937065cc64080165cc8178540007','pic1','.jpg','4028937065cc64080165cc8177c50006.jpg','2018\\09\\12\\',NULL,'1','2018-09-12 14:39:21','2018-09-12 14:39:21'),('4028937065cc64080165cc82399c000a','pic2','.jpg','4028937065cc64080165cc8238da0009.jpg','2018\\09\\12\\',NULL,'1','2018-09-12 14:40:11','2018-09-12 14:40:11'),('4028937065cc64080165cc830c32000d','展示板图片7','.jpg','4028937065cc64080165cc830a18000c.jpg','2018\\09\\12\\',NULL,'1','2018-09-12 14:41:05','2018-09-12 14:41:05'),('4028937065d6ca9b0165d6cb731f0001','0-1躲坑','.png','4028937065d6ca9b0165d6cb717d0000.png','2018\\09\\14\\',NULL,'1','2018-09-14 14:36:22','2018-09-14 14:36:22'),('4028937065d6ca9b0165d6cf65d00003','0-1躲坑1394','.png','4028937065d6ca9b0165d6cf65230002.png','2018\\09\\14\\',NULL,'1','2018-09-14 14:40:40','2018-09-14 14:40:40'),('4028937065d6ca9b0165d6d3834a0005','0-1躲坑1394x250','.png','4028937065d6ca9b0165d6d382fa0004.png','2018\\09\\14\\',NULL,'1','2018-09-14 14:45:10','2018-09-14 14:45:10'),('4028937065d6ca9b0165d6d7e1ec0007','ttt','.png','4028937065d6ca9b0165d6d7c00e0006.png','2018\\09\\14\\',NULL,'0','2018-09-14 14:49:56','2018-09-14 14:49:56'),('4028937065d6ca9b0165d6dafa820009','0-1躲坑1394','.png','4028937065d6ca9b0165d6dafa130008.png','2018\\09\\14\\',NULL,'0','2018-09-14 14:53:19','2018-09-14 14:53:19'),('4028937065d6ca9b0165d6db9ee7000b','0-1躲坑1394','.png','4028937065d6ca9b0165d6db9e8a000a.png','2018\\09\\14\\',NULL,'0','2018-09-14 14:54:01','2018-09-14 14:54:01'),('4028937065d6ca9b0165d6dc0ec9000d','0-1躲坑1394x250','.png','4028937065d6ca9b0165d6dc0e7c000c.png','2018\\09\\14\\',NULL,'0','2018-09-14 14:54:30','2018-09-14 14:54:30'),('4028937065d6ca9b0165d6e6f33b000f','0-1躲坑1394x250mh','.png','4028937065d6ca9b0165d6e6f2d6000e.png','2018\\09\\14\\',NULL,'0','2018-09-14 15:06:24','2018-09-14 15:06:24'),('4028937065d6ca9b0165d6e778910011','0-1躲坑1394x250lb','.png','4028937065d6ca9b0165d6e778610010.png','2018\\09\\14\\',NULL,'0','2018-09-14 15:06:58','2018-09-14 15:06:58'),('4028937065d6ca9b0165d6e874ef0013','0-1躲坑1394x250mh','.png','4028937065d6ca9b0165d6e874920012.png','2018\\09\\14\\',NULL,'0','2018-09-14 15:08:03','2018-09-14 15:08:03'),('4028937065d6ca9b0165d6ec4c5e0015','0-1躲坑1394x250mh','.png','4028937065d6ca9b0165d6ec4c230014.png','2018\\09\\14\\',NULL,'0','2018-09-14 15:12:14','2018-09-14 15:12:14'),('4028937065d6ca9b0165d6ee17660017','地图背景','.jpg','4028937065d6ca9b0165d6ee17130016.jpg','2018\\09\\14\\',NULL,'0','2018-09-14 15:14:12','2018-09-14 15:14:12'),('4028937065d6ca9b0165d6ef8ef80019','0-1躲坑1000x179mh','.png','4028937065d6ca9b0165d6ef8eb10018.png','2018\\09\\14\\',NULL,'0','2018-09-14 15:15:48','2018-09-14 15:15:48'),('4028937065d6ca9b0165d6f38ae3001b','城市矢量','.jpg','4028937065d6ca9b0165d6f38a75001a.jpg','2018\\09\\14\\',NULL,'0','2018-09-14 15:20:09','2018-09-14 15:20:09'),('4028937065d6ca9b0165d705158f001d','默认图片','.png','4028937065d6ca9b0165d70514e9001c.png','2018\\09\\14\\',NULL,'4','2018-09-14 15:39:19','2018-09-14 15:39:19'),('4028937065d6ca9b0165d706e2ab0020','默认图片','.png','4028937065d6ca9b0165d706e279001f.png','2018\\09\\14\\',NULL,'4','2018-09-14 15:41:17','2018-09-14 15:41:17'),('4028937065d710890165d716a2bf0001','地球背景','.jpg','4028937065d710890165d716a1cd0000.jpg','2018\\09\\14\\',NULL,'0','2018-09-14 15:58:29','2018-09-14 15:58:29'),('4028937065d710890165d71ac0b80003','defult_banner','.jpg','4028937065d710890165d71ac05d0002.jpg','2018\\09\\14\\',NULL,'0','2018-09-14 16:02:59','2018-09-14 16:02:59'),('4028937065d710890165d71af5e60005','地球背景','.jpg','4028937065d710890165d71af5410004.jpg','2018\\09\\14\\',NULL,'0','2018-09-14 16:03:12','2018-09-14 16:03:12'),('4028937065d756410165d759dbb00001','程序猿','.jpg','4028937065d756410165d759db370000.jpg','2018\\09\\14\\',NULL,'4','2018-09-14 17:11:55','2018-09-14 17:11:55'),('4028937065d756410165d76836b90003','程序猿2','.jpg','4028937065d756410165d76836720002.jpg','2018\\09\\14\\',NULL,'4','2018-09-14 17:27:35','2018-09-14 17:27:35'),('4028937065d756410165d7691a580005','微信图片_20180914153421','.png','4028937065d756410165d76919d10004.png','2018\\09\\14\\',NULL,'4','2018-09-14 17:28:34','2018-09-14 17:28:34'),('4028937065e5fe890165e5ff9fb60001','indexbanner','.jpg','4028937065e5fe890165e5ff9ec90000.jpg','2018\\09\\17\\',NULL,'0','2018-09-17 13:27:39','2018-09-17 13:27:39'),('4028937065e60e170165e6141faf0003','6','.jpg','4028937065e60e170165e6141f470002.jpg','2018\\09\\17\\',NULL,'0','2018-09-17 13:50:03','2018-09-17 13:50:03'),('4028937065e60e170165e614da0d0005','timg','.jpg','4028937065e60e170165e614d94a0004.jpg','2018\\09\\17\\',NULL,'0','2018-09-17 13:50:50','2018-09-17 13:50:50'),('4028937065e60e170165e61597110007','2','.jpg','4028937065e60e170165e61596b60006.jpg','2018\\09\\17\\',NULL,'0','2018-09-17 13:51:39','2018-09-17 13:51:39'),('4028937065e60e170165e621ad250009','336-280','.jpg','4028937065e60e170165e621acfb0008.jpg','2018\\09\\17\\',NULL,'0','2018-09-17 14:04:51','2018-09-17 14:04:51'),('4028937065e60e170165e62200fe000b','336x280 (2)','.jpg','4028937065e60e170165e622008b000a.jpg','2018\\09\\17\\',NULL,'0','2018-09-17 14:05:12','2018-09-17 14:05:12');

/*Table structure for table `leavemsg` */

DROP TABLE IF EXISTS `leavemsg`;

CREATE TABLE `leavemsg` (
  `ID` varchar(32) COLLATE utf8_unicode_ci NOT NULL,
  `IP` varchar(50) COLLATE utf8_unicode_ci DEFAULT NULL,
  `MESSAGE` varchar(200) COLLATE utf8_unicode_ci DEFAULT NULL,
  `CREATE_TIME` datetime DEFAULT NULL,
  `UPDATE_TIME` datetime DEFAULT NULL,
  PRIMARY KEY (`ID`)
) ENGINE=InnoDB DEFAULT CHARSET=utf8 COLLATE=utf8_unicode_ci;

/*Data for the table `leavemsg` */

/*Table structure for table `res_role` */

DROP TABLE IF EXISTS `res_role`;

CREATE TABLE `res_role` (
  `ID` varchar(32) COLLATE utf8_unicode_ci NOT NULL,
  `RESOURCE_ID` varchar(32) COLLATE utf8_unicode_ci DEFAULT NULL,
  `ROLE_ID` varchar(32) COLLATE utf8_unicode_ci DEFAULT NULL,
  `CREATE_TIME` datetime DEFAULT NULL,
  `UPDATE_TIME` datetime DEFAULT NULL,
  PRIMARY KEY (`ID`)
) ENGINE=InnoDB DEFAULT CHARSET=utf8 COLLATE=utf8_unicode_ci;

/*Data for the table `res_role` */

insert  into `res_role`(`ID`,`RESOURCE_ID`,`ROLE_ID`,`CREATE_TIME`,`UPDATE_TIME`) values ('4028935d657a718501657a8e56ad0002','40289376650d3b1701650d47a3b10002','4028935d65405f70016540611e3e0000','2018-08-27 16:44:33','2018-08-27 16:44:33'),('4028935d657a718501657a8e56ae0003','40289376650d3b1701650d4a69ac0005','4028935d65405f70016540611e3e0000','2018-08-27 16:44:33','2018-08-27 16:44:33'),('4028935d657a718501657a8e56ae0004','40289376650d3b1701650d4cbdbe000b','4028935d65405f70016540611e3e0000','2018-08-27 16:44:33','2018-08-27 16:44:33'),('4028935d657a718501657a8e56ae0005','4028937665123bc201651253705c0000','4028935d65405f70016540611e3e0000','2018-08-27 16:44:33','2018-08-27 16:44:33'),('4028935d657a718501657a8e56ae0006','40289376650d3b1701650d4d782c000d','4028935d65405f70016540611e3e0000','2018-08-27 16:44:33','2018-08-27 16:44:33'),('4028935d657a718501657a8e56ae0007','4028937665325d2501653276b4ef0000','4028935d65405f70016540611e3e0000','2018-08-27 16:44:33','2018-08-27 16:44:33'),('4028935d657a718501657a8e56af0008','40289376650d3b1701650d4d2a4e000c','4028935d65405f70016540611e3e0000','2018-08-27 16:44:33','2018-08-27 16:44:33'),('4028935d657a718501657a8e56af0009','4028937665325d250165327750e40001','4028935d65405f70016540611e3e0000','2018-08-27 16:44:33','2018-08-27 16:44:33');

/*Table structure for table `resource` */

DROP TABLE IF EXISTS `resource`;

CREATE TABLE `resource` (
  `ID` varchar(32) COLLATE utf8_unicode_ci NOT NULL,
  `PARENT_ID` varchar(32) COLLATE utf8_unicode_ci DEFAULT NULL,
  `NAME` varchar(255) COLLATE utf8_unicode_ci DEFAULT NULL,
  `TYPE` varchar(255) COLLATE utf8_unicode_ci DEFAULT NULL,
  `CODE` varchar(255) COLLATE utf8_unicode_ci DEFAULT NULL,
  `LINK` varchar(255) COLLATE utf8_unicode_ci DEFAULT NULL,
  `CLASS_CODE` varchar(255) COLLATE utf8_unicode_ci DEFAULT NULL,
  `SEQ_NUM` int(11) DEFAULT NULL,
  `STATUS` varchar(1) COLLATE utf8_unicode_ci DEFAULT NULL,
  `COMMENTS` varchar(1500) COLLATE utf8_unicode_ci DEFAULT NULL,
  `CREATE_TIME` datetime DEFAULT NULL,
  `UPDATE_TIME` datetime DEFAULT NULL,
  PRIMARY KEY (`ID`)
) ENGINE=InnoDB DEFAULT CHARSET=utf8 COLLATE=utf8_unicode_ci;

/*Data for the table `resource` */

insert  into `resource`(`ID`,`PARENT_ID`,`NAME`,`TYPE`,`CODE`,`LINK`,`CLASS_CODE`,`SEQ_NUM`,`STATUS`,`COMMENTS`,`CREATE_TIME`,`UPDATE_TIME`) values ('4028935d658a1b9c01658a1daf1f0000','40289376650d3b1701650d49dacf0004','评论管理',NULL,'comment','comment/blogs','glyphicon glyphicon-comment',2,'1','','2018-08-30 17:15:25','2018-09-10 13:12:03'),('4028935d65a8eb260165a9012ed20000','40289376650d3b1701650d4a69ac0005','字典管理',NULL,'dic','dic/list','glyphicon glyphicon-book',7,'1','','2018-09-05 17:12:31','2018-09-05 17:12:31'),('4028937065e60e170165e61024860001','40289376650d3b1701650d49dacf0004','留言管理',NULL,'leavemsg','leavemsg/messages','glyphicon glyphicon-envelope',4,'1','','2018-09-17 13:45:42','2018-09-17 13:46:06'),('40289376650d3b1701650d47a3b10002',NULL,'根菜单',NULL,'BOOT_MENU','','',0,'1','','2018-08-06 11:28:43','2018-08-06 11:28:43'),('40289376650d3b1701650d49dacf0004','40289376650d3b1701650d47a3b10002','内容管理',NULL,'CONTENT','','glyphicon glyphicon-bold',3,'1','','2018-08-06 11:31:08','2018-09-11 16:56:16'),('40289376650d3b1701650d4a69ac0005','40289376650d3b1701650d47a3b10002','系统管理',NULL,'SYSTEMMANAGE_MENU','','glyphicon glyphicon-scale',2,'1','','2018-08-06 11:31:45','2018-08-18 12:39:59'),('40289376650d3b1701650d4bb0e10008','40289376650d3b1701650d47a3b10002','区域内容',NULL,'drumbeating','drumbeating/list','glyphicon glyphicon-globe',6,'1','','2018-08-06 11:33:08','2018-09-12 10:38:10'),('40289376650d3b1701650d4c7e71000a','40289376650d3b1701650d47a3b10002','接口管理',NULL,'INTERFACE_MENU','','glyphicon glyphicon-user',9,'1','','2018-08-06 11:34:01','2018-08-18 12:40:35'),('40289376650d3b1701650d4cbdbe000b','40289376650d3b1701650d4a69ac0005','系统配置',NULL,'SYSTEM','system/config','glyphicon glyphicon-cog',1,'1','','2018-08-06 11:34:17','2018-09-17 14:10:11'),('40289376650d3b1701650d4d2a4e000c','40289376650d3b1701650d4a69ac0005','权限管理',NULL,'authorization','authorization/authmanage','glyphicon glyphicon-filter',5,'1','','2018-08-06 11:34:45','2018-08-19 09:54:50'),('40289376650d3b1701650d4d782c000d','40289376650d3b1701650d4a69ac0005','账号管理',NULL,'ACCOUNT','account/list','glyphicon glyphicon-user',3,'1','','2018-08-06 11:35:05','2018-08-19 09:54:29'),('40289376650d3b1701650d4e52ba0010','40289376650d3b1701650d4c7e71000a','微信接口',NULL,'WXINTERFACE','','fa fa-bookmark',1,'1','','2018-08-06 11:36:01','2018-08-06 11:36:01'),('40289376650d3b1701650d4e8df70011','40289376650d3b1701650d4c7e71000a','小程序接口',NULL,'SMALLPRO','','fa fa-bookmark',2,'1','','2018-08-06 11:36:16','2018-08-06 11:36:16'),('40289376650d3b1701650d4ed9130012','40289376650d3b1701650d4c7e71000a','微博接口',NULL,'WEBOINTERFACE','','fa fa-bookmark',3,'1','','2018-08-06 11:36:35','2018-08-06 11:36:35'),('40289376650d3b1701650d4f1f6d0013','40289376650d3b1701650d4c7e71000a','自定义接口',NULL,'FREEINTERFACE','','fa fa-bookmark',4,'1','','2018-08-06 11:36:53','2018-08-06 11:36:53'),('4028937665123bc201651253705c0000','40289376650d3b1701650d4a69ac0005','菜单管理',NULL,'RESOURCE','resource/list','glyphicon glyphicon-th-list',2,'1','','2018-08-07 10:59:42','2018-08-19 09:54:21'),('4028937665325d2501653276b4ef0000','40289376650d3b1701650d4a69ac0005','角色管理',NULL,'ROLE','role/list','glyphicon glyphicon-education',4,'1','','2018-08-13 16:46:05','2018-08-19 09:54:40'),('4028937665325d250165327750e40001','40289376650d3b1701650d4a69ac0005','成员管理',NULL,'MEMBER','member/list','glyphicon glyphicon-heart',6,'1','','2018-08-13 16:46:44','2018-08-19 09:54:57'),('4028a881657449d60165744c7cab0000','40289376650d3b1701650d49dacf0004','分类管理',NULL,'category','category/list','glyphicon glyphicon-tags',1,'1','','2018-08-26 11:34:54','2018-08-26 11:34:54'),('4028a881657449d60165744d1fb70001','40289376650d3b1701650d49dacf0004','博文管理',NULL,'blog','blog/myblogs','glyphicon glyphicon-file',3,'1','','2018-08-26 11:35:36','2018-09-10 13:12:03');

/*Table structure for table `role` */

DROP TABLE IF EXISTS `role`;

CREATE TABLE `role` (
  `ID` varchar(32) COLLATE utf8_unicode_ci NOT NULL,
  `NAME` varchar(50) COLLATE utf8_unicode_ci DEFAULT NULL COMMENT '角色名称',
  `TYPE` varchar(32) COLLATE utf8_unicode_ci DEFAULT NULL COMMENT '类型',
  `CODE` varchar(30) COLLATE utf8_unicode_ci DEFAULT NULL COMMENT '编码',
  `STATUS` varchar(1) COLLATE utf8_unicode_ci DEFAULT NULL COMMENT '状态',
  `COMMENTS` varchar(500) COLLATE utf8_unicode_ci DEFAULT NULL,
  `UPDATE_TIME` datetime DEFAULT NULL,
  `CREATE_TIME` datetime DEFAULT NULL,
  PRIMARY KEY (`ID`)
) ENGINE=InnoDB DEFAULT CHARSET=utf8 COLLATE=utf8_unicode_ci;

/*Data for the table `role` */

insert  into `role`(`ID`,`NAME`,`TYPE`,`CODE`,`STATUS`,`COMMENTS`,`UPDATE_TIME`,`CREATE_TIME`) values ('4028935d65405f70016540611e3e0000','系统管理员','1','ADMIN','1','系统管理员角色','2018-08-16 09:37:11','2018-08-16 09:37:11'),('4028935d65405f7001654063e7d30001','会长','2','MASTER','1','会员协会的会长，主要管理会员协会的会员，组织活动与日常问题的解决','2018-08-18 10:49:03','2018-08-16 09:37:12'),('4028935d654066c00165406810320000','会员','2','MEMBER','1','普通会员角色','2018-08-16 09:44:46','2018-08-16 09:44:46'),('4028935d654066c001654068508f0001','成员','1','1','0','3','2018-08-16 09:45:12','2018-08-16 09:45:02'),('4028935d654066c00165406c53a60002','外部成员','2','OUTMEMBER','1','非系统用户','2018-08-16 09:49:35','2018-08-16 09:49:25'),('4028935d654066c001654079b1c30003','1','1','1','0','1','2018-08-16 10:04:04','2018-08-16 10:04:01'),('4028935d654090c2016540bbefb80001','1','1','1','1','132323232','2018-08-19 10:21:07','2018-08-16 11:16:23'),('4028935d654090c2016540bc0f820002','2','1','2','0','2','2018-09-12 14:36:48','2018-08-16 11:16:31'),('4028935d654090c2016540bc1d670003','3','1','3','1','3','2018-08-16 11:16:34','2018-08-16 11:16:34'),('4028935d654090c2016540bc30620004','44','1','4','1','4','2018-08-16 11:16:39','2018-08-16 11:16:39'),('4028935d654090c2016540bc42470005','5','1','6','1','5','2018-08-16 11:16:44','2018-08-16 11:16:44'),('4028935d654090c2016540bc56aa0006','6','1','5','1','6','2018-08-16 11:16:49','2018-08-16 11:16:49'),('4028935d654090c2016540bc66d80007','7','1','7','0','7','2018-09-12 14:36:52','2018-08-16 11:16:53'),('4028935d654090c2016540bc7b770008','8','1','8','1','8','2018-08-16 11:16:58','2018-08-16 11:16:58'),('4028935d654090c2016540bc8a6d0009','9','1','9','1','9','2018-08-16 11:17:02','2018-08-16 11:17:02'),('4028935d65471a060165473ade190000','11','1','11','1','','2018-08-17 17:32:44','2018-08-17 17:32:44'),('4028935d65471a060165473aee5a0001','111','1','111','1','','2018-08-17 17:32:49','2018-08-17 17:32:49'),('4028935d65471a060165473afd470002','22','1','22','1','','2018-08-17 17:32:52','2018-08-17 17:32:52'),('4028935d65471a060165473b0b650003','33','1','33','1','','2018-08-17 17:32:56','2018-08-17 17:32:56'),('4028935d65471a060165473b19b50004','222','1','222','1','','2018-08-17 17:33:00','2018-08-17 17:33:00'),('4028935d65471a060165473b29810005','333','1','333','1','','2018-08-17 17:33:04','2018-08-17 17:33:04'),('4028935d65471a060165473b38b10006','444','1','444','1','','2018-08-17 17:33:08','2018-08-17 17:33:08'),('4028935d65471a060165473b6c5b0007','4444','1','44444','1','','2018-08-17 17:33:21','2018-08-17 17:33:21'),('4028a881654ff85101654ff9e2140000','1111','1','1111','1','1','2018-08-19 12:49:00','2018-08-19 10:18:21');

/*Table structure for table `sysconfig` */

DROP TABLE IF EXISTS `sysconfig`;

CREATE TABLE `sysconfig` (
  `ID` varchar(32) COLLATE utf8_unicode_ci NOT NULL,
  `CONFIG_KEY` varchar(30) COLLATE utf8_unicode_ci DEFAULT NULL,
  `CONFIG_VALUE` varchar(150) COLLATE utf8_unicode_ci DEFAULT NULL,
  `COMMENTS` varchar(500) COLLATE utf8_unicode_ci DEFAULT NULL,
  `STATUS` varchar(1) COLLATE utf8_unicode_ci DEFAULT NULL,
  `CREATE_TIME` datetime DEFAULT NULL,
  `UPDATE_TIME` datetime DEFAULT NULL,
  PRIMARY KEY (`ID`)
) ENGINE=InnoDB DEFAULT CHARSET=utf8 COLLATE=utf8_unicode_ci;

/*Data for the table `sysconfig` */

insert  into `sysconfig`(`ID`,`CONFIG_KEY`,`CONFIG_VALUE`,`COMMENTS`,`STATUS`,`CREATE_TIME`,`UPDATE_TIME`) values ('4028935d654090c2016540983a280000','UPLOADPATH','d:\\boot\\upload','d:\\boot\\upload','1','2018-08-16 10:37:22','2018-08-16 14:57:07'),('402893766536fd6201653700e13d0002','DEFAULT_PASSWORD','12345678','默认密码','1','2018-08-14 13:55:29','2018-08-18 12:39:27'),('4028a881658b11d301658b1522030000','COMMENT_SWITCH','1','是否开启评论，0（其他非1值均按照关闭处理）关闭，1开启，关闭评论后评论内容不可见，','1','2018-08-30 21:45:42','2018-08-31 14:58:07'),('4028a881658b11d301658b171dbd0001','COMMENT_CHECK','0','是否开启评论审核，0（其他非1值均按照关闭处理）关闭，1开启，开启审核时，评论进入未发布状态 需要审核后手动发布，发布后才可在页面看到','1','2018-08-30 21:47:52','2018-08-31 15:42:49');

/*Table structure for table `tag` */

DROP TABLE IF EXISTS `tag`;

CREATE TABLE `tag` (
  `ID` varchar(32) COLLATE utf8_unicode_ci NOT NULL,
  `NAME` varchar(50) COLLATE utf8_unicode_ci DEFAULT NULL,
  `CREATE_TIME` datetime DEFAULT NULL,
  `UPDATE_TIME` datetime DEFAULT NULL,
  PRIMARY KEY (`ID`)
) ENGINE=InnoDB DEFAULT CHARSET=utf8 COLLATE=utf8_unicode_ci;

/*Data for the table `tag` */

insert  into `tag`(`ID`,`NAME`,`CREATE_TIME`,`UPDATE_TIME`) values ('4028935d657a718501657a97ff92000d','沙箱','2018-08-27 16:55:06','2018-08-27 16:55:06'),('4028935d657a718501657a98005a000f','虚拟技术','2018-08-27 16:55:06','2018-08-27 16:55:06'),('4028935d657a718501657a98010c0011','容器','2018-08-27 16:55:06','2018-08-27 16:55:06'),('4028935d657a718501657a9e02a3001f','框架','2018-08-27 17:01:40','2018-08-27 17:01:40'),('4028935d657a718501657a9e038c0021','java','2018-08-27 17:01:40','2018-08-27 17:01:40'),('4028935d657a718501657a9e04290023','开源','2018-08-27 17:01:40','2018-08-27 17:01:40'),('4028935d657a718501657aa301370026','cloud','2018-08-27 17:07:07','2018-08-27 17:07:07'),('4028935d657a718501657aa301df0028','spring','2018-08-27 17:07:07','2018-08-27 17:07:07'),('4028935d657a718501657aa302b1002a','云服务框架','2018-08-27 17:07:08','2018-08-27 17:07:08'),('4028935d657a718501657aa30354002c','微服务','2018-08-27 17:07:08','2018-08-27 17:07:08'),('4028935d657a718501657aa7bceb002f','springboot','2018-08-27 17:12:17','2018-08-27 17:12:17'),('4028935d657a718501657aa7bd970031','springcloud','2018-08-27 17:12:18','2018-08-27 17:12:18'),('4028935d657a718501657aa7be330033','框架集成','2018-08-27 17:12:18','2018-08-27 17:12:18'),('4028935d65834deb01658365c27d0002','js','2018-08-29 09:56:48','2018-08-29 09:56:48'),('4028935d65834deb01658365c3660004','switch组件','2018-08-29 09:56:49','2018-08-29 09:56:49'),('4028935d65834deb01658366babf0008','jdbc','2018-08-29 09:57:52','2018-08-29 09:57:52'),('4028935d658367d1016583739cc20001','配置','2018-08-29 10:11:56','2018-08-29 10:11:56'),('4028935d658367d101658373c4f40004','数据库','2018-08-29 10:12:07','2018-08-29 10:12:07'),('4028935d658367d101658378ec600007','新闻','2018-08-29 10:17:44','2018-08-29 10:17:44'),('4028935d658367d101658378ed740009','技术','2018-08-29 10:17:45','2018-08-29 10:17:45'),('4028937065c1f1820165c1f991e70001','1','2018-09-10 13:34:43','2018-09-10 13:34:43'),('4028937065c668390165c66aec2b0000','java脚本','2018-09-11 10:17:00','2018-09-11 10:17:00'),('4028937065c668390165c66b21be0002','docker','2018-09-11 10:17:14','2018-09-11 10:17:14'),('4028937065c7eaad0165c7fe06c70001','马云','2018-09-11 17:37:18','2018-09-11 17:37:18'),('4028937065c7eaad0165c7fe07b80003','工资','2018-09-11 17:37:18','2018-09-11 17:37:18');

/*Table structure for table `tagblog` */

DROP TABLE IF EXISTS `tagblog`;

CREATE TABLE `tagblog` (
  `ID` varchar(32) COLLATE utf8_unicode_ci NOT NULL,
  `TAG` varchar(32) COLLATE utf8_unicode_ci DEFAULT NULL,
  `BLOG` varchar(32) COLLATE utf8_unicode_ci DEFAULT NULL,
  `CREATE_TIME` datetime DEFAULT NULL,
  `UPDATE_TIME` datetime DEFAULT NULL,
  PRIMARY KEY (`ID`)
) ENGINE=InnoDB DEFAULT CHARSET=utf8 COLLATE=utf8_unicode_ci;

/*Data for the table `tagblog` */

insert  into `tagblog`(`ID`,`TAG`,`BLOG`,`CREATE_TIME`,`UPDATE_TIME`) values ('4028935d657a718501657a97fff6000e','4028935d657a718501657a97ff92000d','4028935d657a718501657a9695e9000b','2018-08-27 16:55:06','2018-08-27 16:55:06'),('4028935d657a718501657a9800b30010','4028935d657a718501657a98005a000f','4028935d657a718501657a9695e9000b','2018-08-27 16:55:06','2018-08-27 16:55:06'),('4028935d657a718501657a9801530012','4028935d657a718501657a98010c0011','4028935d657a718501657a9695e9000b','2018-08-27 16:55:06','2018-08-27 16:55:06'),('4028935d657a718501657a9e030f0020','4028935d657a718501657a9e02a3001f','4028935d657a718501657a9db76a001e','2018-08-27 17:01:40','2018-08-27 17:01:40'),('4028935d657a718501657a9e03d70022','4028935d657a718501657a9e038c0021','4028935d657a718501657a9db76a001e','2018-08-27 17:01:40','2018-08-27 17:01:40'),('4028935d657a718501657a9e046a0024','4028935d657a718501657a9e04290023','4028935d657a718501657a9db76a001e','2018-08-27 17:01:40','2018-08-27 17:01:40'),('4028935d657a718501657aa301810027','4028935d657a718501657aa301370026','4028935d657a718501657aa300a10025','2018-08-27 17:07:07','2018-08-27 17:07:07'),('4028935d657a718501657aa3023b0029','4028935d657a718501657aa301df0028','4028935d657a718501657aa300a10025','2018-08-27 17:07:07','2018-08-27 17:07:07'),('4028935d657a718501657aa302fc002b','4028935d657a718501657aa302b1002a','4028935d657a718501657aa300a10025','2018-08-27 17:07:08','2018-08-27 17:07:08'),('4028935d657a718501657aa303a2002d','4028935d657a718501657aa30354002c','4028935d657a718501657aa300a10025','2018-08-27 17:07:08','2018-08-27 17:07:08'),('4028935d657a718501657aa7bd2f0030','4028935d657a718501657aa7bceb002f','4028935d657a718501657aa7bc69002e','2018-08-27 17:12:17','2018-08-27 17:12:17'),('4028935d657a718501657aa7bdde0032','4028935d657a718501657aa7bd970031','4028935d657a718501657aa7bc69002e','2018-08-27 17:12:18','2018-08-27 17:12:18'),('4028935d657a718501657aa7be7d0034','4028935d657a718501657aa7be330033','4028935d657a718501657aa7bc69002e','2018-08-27 17:12:18','2018-08-27 17:12:18'),('4028935d65834deb01658365c2ef0003','4028935d65834deb01658365c27d0002','4028935d65834deb0165836521be0000','2018-08-29 09:56:49','2018-08-29 09:56:49'),('4028935d65834deb01658365c3c90005','4028935d65834deb01658365c3660004','4028935d65834deb0165836521be0000','2018-08-29 09:56:49','2018-08-29 09:56:49'),('4028935d65834deb01658366ba690007','4028935d657a718501657aa301df0028','4028935d65834deb01658366b9ee0006','2018-08-29 09:57:52','2018-08-29 09:57:52'),('4028935d65834deb01658366bb0d0009','4028935d65834deb01658366babf0008','4028935d65834deb01658366b9ee0006','2018-08-29 09:57:52','2018-08-29 09:57:52'),('4028935d658367d101658373c43b0002','4028935d658367d1016583739cc20001','4028935d658367d1016583739c370000','2018-08-29 10:12:06','2018-08-29 10:12:06'),('4028935d658367d101658373c4980003','4028935d65834deb01658366babf0008','4028935d658367d1016583739c370000','2018-08-29 10:12:06','2018-08-29 10:12:06'),('4028935d658367d101658373c54c0005','4028935d658367d101658373c4f40004','4028935d658367d1016583739c370000','2018-08-29 10:12:07','2018-08-29 10:12:07'),('4028935d658367d101658378eca80008','4028935d658367d101658378ec600007','4028935d658367d101658378ebd80006','2018-08-29 10:17:44','2018-08-29 10:17:44'),('4028935d658367d101658378ede4000a','4028935d658367d101658378ed740009','4028935d658367d101658378ebd80006','2018-08-29 10:17:45','2018-08-29 10:17:45'),('4028937065c1f1820165c1f992520002','4028937065c1f1820165c1f991e70001','4028937065c1f1820165c1f991480000','2018-09-10 13:34:43','2018-09-10 13:34:43'),('4028937065c668390165c66aeca00001','4028937065c668390165c66aec2b0000','4028935d658a1b9c01658a2813f50002','2018-09-11 10:17:00','2018-09-11 10:17:00'),('4028937065c668390165c66b229b0003','4028937065c668390165c66b21be0002','4028935d658a1b9c01658a2801c90001','2018-09-11 10:17:14','2018-09-11 10:17:14'),('4028937065c7eaad0165c7fe073b0002','4028937065c7eaad0165c7fe06c70001','4028937065c7eaad0165c7fe06420000','2018-09-11 17:37:18','2018-09-11 17:37:18'),('4028937065c7eaad0165c7fe08160004','4028937065c7eaad0165c7fe07b80003','4028937065c7eaad0165c7fe06420000','2018-09-11 17:37:18','2018-09-11 17:37:18');

/*Table structure for table `user` */

DROP TABLE IF EXISTS `user`;

CREATE TABLE `user` (
  `ID` varchar(32) COLLATE utf8_unicode_ci NOT NULL,
  `NAME` varchar(150) COLLATE utf8_unicode_ci DEFAULT NULL COMMENT '昵称，名字',
  `REALNAME` varchar(150) COLLATE utf8_unicode_ci DEFAULT NULL COMMENT '真实姓名',
  `IDCARD` varchar(30) COLLATE utf8_unicode_ci DEFAULT NULL,
  `PHONE` varchar(20) COLLATE utf8_unicode_ci DEFAULT NULL COMMENT '手机号',
  `QQ` varchar(20) COLLATE utf8_unicode_ci DEFAULT NULL,
  `EMAIL` varchar(50) COLLATE utf8_unicode_ci DEFAULT NULL,
  `PASSWORD` varchar(50) COLLATE utf8_unicode_ci DEFAULT NULL COMMENT '密码，网站用户的密码',
  `OPENID` varchar(50) COLLATE utf8_unicode_ci DEFAULT NULL COMMENT '微信的OPENID',
  `BIRTHDAY` varchar(30) COLLATE utf8_unicode_ci DEFAULT NULL,
  `ADDRESS` varchar(500) COLLATE utf8_unicode_ci DEFAULT NULL,
  `USERTYPE` varchar(10) COLLATE utf8_unicode_ci DEFAULT NULL COMMENT '0超级管理员',
  `HEADERIMG` varchar(32) COLLATE utf8_unicode_ci DEFAULT NULL COMMENT '用户头像',
  `LASTLOGINTIME` datetime DEFAULT NULL COMMENT '上次登录日期',
  `STATUS` varchar(1) COLLATE utf8_unicode_ci DEFAULT NULL COMMENT '0删除，1正常',
  `CREATE_TIME` datetime DEFAULT NULL,
  `UPDATE_TIME` datetime DEFAULT NULL,
  PRIMARY KEY (`ID`)
) ENGINE=InnoDB DEFAULT CHARSET=utf8 COLLATE=utf8_unicode_ci;

/*Data for the table `user` */

insert  into `user`(`ID`,`NAME`,`REALNAME`,`IDCARD`,`PHONE`,`QQ`,`EMAIL`,`PASSWORD`,`OPENID`,`BIRTHDAY`,`ADDRESS`,`USERTYPE`,`HEADERIMG`,`LASTLOGINTIME`,`STATUS`,`CREATE_TIME`,`UPDATE_TIME`) values ('4028935d657a718501657a8433b40000','系统管理员',NULL,NULL,NULL,NULL,NULL,NULL,NULL,'2018-08-27',NULL,'0',NULL,'2018-09-17 13:46:15','1','2018-08-27 16:33:29','2018-09-17 13:46:15');

/*Table structure for table `user_role` */

DROP TABLE IF EXISTS `user_role`;

CREATE TABLE `user_role` (
  `ID` varchar(32) COLLATE utf8_unicode_ci NOT NULL,
  `USER_ID` varchar(32) COLLATE utf8_unicode_ci DEFAULT NULL,
  `ROLE_ID` varchar(32) COLLATE utf8_unicode_ci DEFAULT NULL,
  `CREATE_TIME` datetime DEFAULT NULL,
  `UPDATE_TIME` datetime DEFAULT NULL,
  PRIMARY KEY (`ID`)
) ENGINE=InnoDB DEFAULT CHARSET=utf8 COLLATE=utf8_unicode_ci;

/*Data for the table `user_role` */

/*Table structure for table `userlogin` */

DROP TABLE IF EXISTS `userlogin`;

CREATE TABLE `userlogin` (
  `ID` varchar(32) COLLATE utf8_unicode_ci NOT NULL,
  `USERNAME` varchar(50) COLLATE utf8_unicode_ci DEFAULT NULL,
  `PASSWORD` varchar(200) COLLATE utf8_unicode_ci DEFAULT NULL,
  `STATUS` varchar(1) COLLATE utf8_unicode_ci DEFAULT NULL,
  `USER_ID` varchar(32) COLLATE utf8_unicode_ci DEFAULT NULL,
  `CREATE_TIME` datetime DEFAULT NULL,
  `UPDATE_TIME` datetime DEFAULT NULL,
  PRIMARY KEY (`ID`)
) ENGINE=InnoDB DEFAULT CHARSET=utf8 COLLATE=utf8_unicode_ci;

/*Data for the table `userlogin` */

insert  into `userlogin`(`ID`,`USERNAME`,`PASSWORD`,`STATUS`,`USER_ID`,`CREATE_TIME`,`UPDATE_TIME`) values ('4028935d657a718501657a8436030001','admin','$2a$10$gwWBdDJPa9ddW4FqT5ONEuwebTvHVlgwlhm41wh8Wy8j0I2/.WXX2','1','4028935d657a718501657a8433b40000','2018-08-27 16:33:29','2018-08-27 16:33:29');

/*Table structure for table `views` */

DROP TABLE IF EXISTS `views`;

CREATE TABLE `views` (
  `ID` varchar(32) COLLATE utf8_unicode_ci NOT NULL,
  `VIEWNUM` bigint(20) DEFAULT '0',
  `DATETAG` varchar(11) COLLATE utf8_unicode_ci DEFAULT NULL,
  `UPDATE_TIME` datetime DEFAULT NULL,
  `CREATE_TIME` datetime DEFAULT NULL,
  PRIMARY KEY (`ID`)
) ENGINE=InnoDB DEFAULT CHARSET=utf8 COLLATE=utf8_unicode_ci;

/*Data for the table `views` */

insert  into `views`(`ID`,`VIEWNUM`,`DATETAG`,`UPDATE_TIME`,`CREATE_TIME`) values ('4028937065c19b840165c19f17c00000',41,'2018-09-08','2018-09-10 11:55:53','2018-09-10 11:55:53');

/*!40101 SET SQL_MODE=@OLD_SQL_MODE */;
/*!40014 SET FOREIGN_KEY_CHECKS=@OLD_FOREIGN_KEY_CHECKS */;
/*!40014 SET UNIQUE_CHECKS=@OLD_UNIQUE_CHECKS */;
/*!40111 SET SQL_NOTES=@OLD_SQL_NOTES */;
